datetime,Glorefs,RemGrefs,GRratio,PhyRds,Rdratio,Gloupds,RemGupds,Rourefs,RemRrefs,RouLaS,RemRLaS,PhyWrs,WDQsz,WDtmpq,WDphase,WIJwri,RouCMs,Jrnwrts,ActECP,Addblk,PrgBufL,PrgSrvR,BytSnt,BytRcd,WDpass,IJUcnt,IJULock,PPGrefs,PPGupds
07/14/2018 16:37:17,937532,0,0,2035,309.86,100010,0,407192,0,19,0,0,1876,31112,0,0,55,5,0,0,0,0,0,0,289,0,0,144018,67313
07/14/2018 16:37:18,1762660,0,0,2013,611.87,117642,0,594752,0,72,0,0,2171,31288,0,0,137,10,0,0,0,0,0,0,289,0,0,216344,70342
07/14/2018 16:37:19,688492,0,0,1213,399.48,61937,0,298584,0,1,0,0,2192,31320,0,0,105,5,0,0,0,0,0,0,289,0,0,64085,30808
07/14/2018 16:37:20,1134189,0,0,1091,568.12,96872,0,397846,0,0,0,0,2216,31414,0,0,101,6,0,0,0,0,0,0,289,0,0,129753,58852
07/14/2018 16:37:21,1253053,0,0,2172,342.31,72131,0,462184,0,0,0,0,2240,31529,0,0,63,5,0,0,0,0,0,0,289,0,0,102051,40804
07/14/2018 16:37:22,1107716,0,0,927,780.7,59498,0,456019,0,0,0,0,2260,31609,0,0,37,3,0,0,0,0,0,0,289,0,0,77474,30696
07/14/2018 16:37:23,1277517,0,0,1125,675.09,86412,0,452547,0,19,0,0,2286,31713,0,0,77,6,0,0,0,0,0,0,289,0,0,98866,46263
07/14/2018 16:37:24,1235037,0,0,1063,630.8,91667,0,416226,0,57,0,0,2334,31792,0,0,104,5,0,0,0,0,0,0,289,0,0,151376,58901
07/14/2018 16:37:25,996306,0,0,1527,423.64,92837,0,405433,0,18,0,0,2413,31904,0,0,96,5,0,0,0,0,0,0,289,0,0,155546,60816
07/14/2018 16:37:26,1381509,0,0,1215,691.23,94589,0,557572,0,0,0,0,2437,32025,0,0,90,6,0,0,0,0,0,0,289,0,0,132790,53540
07/14/2018 16:37:27,1598250,0,0,1116,718.32,92461,0,391071,0,0,0,0,2448,32100,0,0,71,3,0,0,0,0,0,0,289,0,0,157824,62794
07/14/2018 16:37:28,1685003,0,0,1393,690.97,109995,0,514034,0,0,0,0,2472,32253,0,0,65,6,0,0,0,0,0,0,289,0,0,183181,69286
07/14/2018 16:37:29,929411,0,0,826,687.71,96098,0,417834,0,0,0,0,2490,32349,0,0,88,6,0,0,0,0,0,0,289,0,0,130178,60991
07/14/2018 16:37:30,1041157,0,0,871,835.72,67781,0,353512,0,0,0,0,2508,32474,0,0,115,4,0,0,0,0,0,0,289,0,0,78825,37224
07/14/2018 16:37:31,1041446,0,0,622,1072.6,79888,0,454851,0,0,0,0,2528,32593,0,0,103,5,0,0,0,0,0,0,289,0,0,87598,41470
07/14/2018 16:37:32,1377844,0,0,1291,544.3,95142,0,460767,0,0,0,0,2550,32665,0,0,51,4,0,0,0,0,0,0,289,0,0,163871,63172
07/14/2018 16:37:33,1437417,0,0,2076,443.98,109203,0,465318,0,0,0,0,2572,32799,0,0,111,5,0,0,0,0,0,0,289,0,0,169618,67995
07/14/2018 16:37:34,1124355,0,0,1475,509.89,100971,0,417043,0,0,0,0,2593,32900,0,0,92,5,0,0,0,0,0,0,289,0,0,167254,66095
07/14/2018 16:37:35,727329,0,0,983,522.77,69609,0,395434,0,0,0,0,2616,32984,0,0,55,5,0,0,0,0,0,0,289,0,0,92150,39204
07/14/2018 16:37:36,1049837,0,0,1430,434.16,79024,0,433012,0,0,0,0,2639,33118,0,0,124,5,0,0,0,0,0,0,289,0,0,94679,41319
07/14/2018 16:37:37,1003639,0,0,1740,367.09,88162,0,454301,0,72,0,0,2918,33237,0,0,151,9,0,0,0,0,0,0,289,0,0,102420,45101
07/14/2018 16:37:38,961632,0,0,1188,473.54,71295,0,383589,0,18,0,0,2998,33339,0,0,92,5,0,0,0,0,0,0,289,0,0,85824,37826
07/14/2018 16:37:39,1526626,0,0,1338,823.5,107642,0,455298,0,0,0,0,3018,33486,0,0,46,5,0,0,0,0,0,0,289,0,0,161772,68682
07/14/2018 16:37:40,1382908,0,0,2808,299.41,68140,0,397097,0,0,0,0,3030,33568,0,0,79,3,0,0,0,0,0,0,289,0,0,91967,37329
07/14/2018 16:37:41,1404323,0,0,2371,301.85,80204,0,479020,0,38,0,0,3076,33669,0,0,109,7,0,0,0,0,0,0,289,1,0,102663,41661
07/14/2018 16:37:42,1707930,0,0,3022,335.93,82161,0,570372,0,38,0,0,3115,33790,0,0,95,5,0,0,0,0,0,0,289,0,0,107206,42593
07/14/2018 16:37:43,1003148,0,0,852,745.37,76239,0,447829,0,19,0,0,3148,33938,0,0,120,6,0,0,0,0,0,0,289,0,0,96193,39626
07/14/2018 16:37:44,1310525,0,0,4060,153.42,98917,0,339169,0,0,0,0,3169,34026,0,0,71,5,0,0,0,0,0,0,289,0,0,159169,67310
07/14/2018 16:37:45,1443920,0,0,2465,278.13,110715,0,378822,0,54,0,0,3410,34116,0,0,100,7,0,0,0,0,0,0,289,0,0,178882,69641
07/14/2018 16:37:46,979487,0,0,2329,282.37,70012,0,423474,0,84,0,0,3579,34215,0,0,134,8,0,0,0,0,0,0,289,0,0,77340,32459
07/14/2018 16:37:47,1459608,0,0,1982,421.47,97598,0,491694,0,0,0,0,3602,34327,0,0,82,5,0,0,0,0,0,0,289,0,0,164741,63720
07/14/2018 16:37:48,1065460,0,0,2175,275.86,80391,0,387213,0,0,0,0,3625,34438,0,0,99,5,0,0,0,0,0,0,289,0,0,93706,40811
07/14/2018 16:37:49,1514191,0,0,893,1045.5,102304,0,539219,0,18,0,0,3707,34529,0,0,64,5,0,0,0,0,0,0,289,0,0,173530,63921
07/14/2018 16:37:50,857218,0,0,721,832.45,77917,0,422754,0,0,0,0,3727,34645,0,0,56,4,0,0,0,0,0,0,289,0,0,97628,45405
07/14/2018 16:37:51,1205345,0,0,1037,718.76,82440,0,521975,0,19,0,0,3762,34793,0,0,97,6,0,0,0,0,0,0,289,0,0,114199,48691
07/14/2018 16:37:52,1397782,0,0,1806,438.66,96236,0,460536,0,0,0,0,3778,34946,0,0,96,5,0,0,0,0,0,0,289,0,0,128629,55181
07/14/2018 16:37:53,1559365,0,0,1836,527.61,110786,0,482419,0,0,0,0,3807,35059,0,0,82,6,0,0,0,0,0,0,289,0,0,220186,75419
07/14/2018 16:37:54,987433,0,0,1598,357.51,81856,0,402958,0,0,0,0,3841,35169,0,0,134,5,0,0,0,0,0,0,289,0,0,100462,47272
07/14/2018 16:37:55,916283,0,0,1422,497.76,85690,0,458086,0,0,0,0,3854,35312,0,0,81,4,0,0,0,0,0,0,289,0,0,95036,45572
07/14/2018 16:37:56,1290458,0,0,2058,278.29,61211,0,397071,0,2,0,0,3875,35414,0,0,98,4,0,0,0,0,0,0,289,0,0,74920,30326
07/14/2018 16:37:57,1107870,0,0,1242,453.22,68590,0,430441,0,19,0,0,3906,35514,0,0,76,5,0,0,0,0,0,0,289,0,0,82313,37535
07/14/2018 16:37:58,1006280,0,0,1693,417.04,79867,0,515139,0,0,0,0,3929,35640,0,0,60,4,0,0,0,0,0,0,289,0,0,101892,41226
07/14/2018 16:37:59,1092637,0,0,1413,418.38,98834,0,385080,0,0,0,0,3947,35707,0,0,59,5,0,0,0,0,0,0,289,0,0,171119,70056
07/14/2018 16:38:00,1378222,0,0,1101,787.61,94052,0,411180,0,0,0,0,3972,35809,0,0,95,5,0,0,0,0,0,0,289,0,0,151427,57813
07/14/2018 16:38:01,1669356,0,0,1337,669.25,122048,0,524619,0,18,0,0,4058,35946,0,0,99,6,0,0,0,0,0,0,289,0,0,194469,78937
07/14/2018 16:38:02,1212338,0,0,1511,469.57,94788,0,412455,0,21,0,0,4086,36030,0,0,141,5,0,0,0,0,0,0,289,0,0,162405,64495
07/14/2018 16:38:03,1257356,0,0,2225,312.19,83422,0,450509,0,0,0,0,4107,36176,0,0,115,6,0,0,0,0,0,0,289,0,0,97941,41390
07/14/2018 16:38:04,1146413,0,0,1302,433.74,76519,0,450696,0,0,0,0,4132,36267,0,0,80,4,0,0,0,0,0,0,289,0,0,88024,42610
07/14/2018 16:38:05,1286273,0,0,2214,304.3,76366,0,418743,0,0,0,0,4141,36390,0,0,102,4,0,0,0,0,0,0,289,0,0,93169,43622
07/14/2018 16:38:06,1292694,0,0,1001,765.39,91290,0,487555,0,0,0,0,4161,36539,0,0,74,5,0,0,0,0,0,0,289,0,0,104791,45896
07/14/2018 16:38:07,1500665,0,0,1364,496.45,116500,0,332452,0,45,0,4169,551,36636,0,138,103,6,0,0,0,0,0,0,290,0,0,219640,80191
07/14/2018 16:38:08,1309486,0,0,990,795.41,124302,0,382387,0,18,0,0,733,36703,0,0,91,5,0,0,0,0,0,0,290,0,0,244399,88804
07/14/2018 16:38:09,799103,0,0,2803,206.16,70073,0,399160,0,0,0,0,843,36803,0,0,82,5,0,0,0,0,0,0,290,0,0,81902,37121
07/14/2018 16:38:10,1050905,0,0,2322,274.95,89327,0,447192,0,18,0,0,996,36943,0,0,115,7,0,0,0,0,0,0,290,0,0,105781,43130
07/14/2018 16:38:11,1288220,0,0,1258,492.52,85393,0,369956,0,0,0,0,1053,37066,0,0,113,5,0,0,0,0,0,0,290,0,0,94084,47374
07/14/2018 16:38:12,1027134,0,0,1914,283.15,68095,0,381335,0,0,0,0,1122,37199,0,0,85,5,0,0,0,0,0,0,290,0,0,82384,34995
07/14/2018 16:38:13,817922,0,0,982,522.99,70379,0,386045,0,0,0,0,1163,37297,0,0,64,4,0,0,0,0,0,0,290,0,0,85546,39323
07/14/2018 16:38:14,1674197,0,0,1293,807.59,112642,0,510703,0,0,0,0,1193,37431,0,0,109,5,0,0,0,0,0,0,290,0,0,176815,71709
07/14/2018 16:38:15,1026295,0,0,1612,341.35,80254,0,396270,0,19,0,0,1235,37547,0,0,92,6,0,0,0,0,0,0,290,0,0,95947,43050
07/14/2018 16:38:16,1270765,0,0,715,1203,112775,0,471789,0,9,0,0,1326,37709,0,0,79,6,0,0,0,0,0,0,290,0,0,184675,74655
07/14/2018 16:38:17,935828,0,0,752,866.84,76451,0,388927,0,0,0,0,1343,37767,0,0,61,4,0,0,0,0,0,0,290,0,0,98279,43300
07/14/2018 16:38:18,1337224,0,0,994,766.3,80896,0,478106,0,0,0,0,1381,37911,0,0,63,6,0,0,0,0,0,0,290,0,0,105813,41040
07/14/2018 16:38:19,1086585,0,0,1177,569.11,88787,0,410220,0,19,0,0,1085,38027,0,0,78,6,0,0,0,0,0,0,290,0,0,111068,51550
07/14/2018 16:38:20,1281011,0,0,1810,379.11,74576,0,358434,0,0,0,0,1102,38150,0,0,83,4,0,0,0,0,0,0,290,0,0,85553,37677
07/14/2018 16:38:21,728140,0,0,426,1303.15,62356,0,390264,0,0,0,0,1118,38208,0,0,37,3,0,0,0,0,0,0,290,0,0,73769,33216
07/14/2018 16:38:22,1283794,0,0,1196,641.88,123294,0,400823,0,0,0,0,1141,38296,0,0,38,5,0,0,0,0,0,0,290,0,0,243728,90855
07/14/2018 16:38:23,1225151,0,0,442,1545.05,63775,0,429293,0,0,0,0,1159,38429,0,0,45,4,0,0,0,0,0,0,290,0,0,77028,31523
07/14/2018 16:38:24,1027280,0,0,965,637.1,85910,0,435439,0,57,0,0,1208,38519,0,0,94,6,0,0,0,0,0,0,290,0,0,103203,49594
07/14/2018 16:38:25,1737897,0,0,2544,350.55,93888,0,508667,0,19,0,0,1241,38675,0,0,106,6,0,0,0,0,0,0,290,0,0,108783,49147
07/14/2018 16:38:26,2062974,0,0,1701,552.5,125504,0,507577,0,19,0,0,1274,38810,0,0,85,6,0,0,0,0,0,0,290,0,0,242600,89843
07/14/2018 16:38:27,854995,0,0,957,607.23,92942,0,422803,0,18,0,0,1369,38881,0,0,81,6,0,0,0,0,0,0,290,0,0,122421,57204
07/14/2018 16:38:28,1004979,0,0,960,727.47,91555,0,381815,0,36,0,0,1487,39036,0,0,78,6,0,0,0,0,0,0,290,0,0,132097,53380
07/14/2018 16:38:29,876454,0,0,1737,300.95,89786,0,387639,0,36,0,0,1662,39094,0,0,67,6,0,0,0,0,0,0,290,0,0,114309,53586
07/14/2018 16:38:30,860977,0,0,742,769.28,68865,0,342557,0,0,0,0,1674,39206,0,0,49,4,0,0,0,0,0,0,290,0,0,83695,36785
07/14/2018 16:38:31,1282864,0,0,541,1276.43,88093,0,426114,0,0,0,0,1696,39304,0,0,64,5,0,0,0,0,0,0,290,0,0,143480,52844
07/14/2018 16:38:32,1248834,0,0,577,1238.18,118193,0,345930,0,1,0,0,1737,39396,0,0,86,4,0,0,0,0,0,0,290,0,0,230480,86049
07/14/2018 16:38:33,1148493,0,0,1866,361.41,70736,0,346746,0,0,0,0,1752,39470,0,0,36,4,0,0,0,0,0,0,290,0,0,80539,37632
07/14/2018 16:38:34,1219424,0,0,2540,281.27,82616,0,491485,0,0,0,0,1779,39610,0,0,123,6,0,0,0,0,0,0,290,0,0,109993,43606
07/14/2018 16:38:35,1354699,0,0,2651,307.06,98134,0,466827,0,27,0,0,1930,39770,0,0,160,7,0,0,0,0,0,0,290,0,0,114447,50135
07/14/2018 16:38:36,1656378,0,0,3355,308.17,76337,0,620869,0,0,0,0,1961,39880,0,0,88,6,0,0,0,0,0,0,290,0,0,108422,39475
07/14/2018 16:38:37,904091,0,0,2500,262.76,80359,0,402597,0,0,0,0,1981,40003,0,0,82,5,0,0,0,0,0,0,290,0,0,95439,42739
07/14/2018 16:38:38,872820,0,0,2160,275.93,70542,0,373139,0,0,0,0,2002,40129,0,0,72,4,0,0,0,0,0,0,290,0,0,83829,37101
07/14/2018 16:38:39,934356,0,0,1659,358.91,79423,0,399767,0,36,0,0,2160,40260,0,0,91,6,0,0,0,0,0,0,290,0,0,84513,42296
07/14/2018 16:38:40,1509213,0,0,1277,577.69,103468,0,378919,0,18,0,0,2240,40376,0,0,78,6,0,0,0,0,0,0,290,0,0,159928,69475
07/14/2018 16:38:41,1113568,0,0,832,846.05,93934,0,368782,0,0,0,0,2260,40475,0,0,61,4,0,0,0,0,0,0,290,0,0,159957,59353
07/14/2018 16:38:42,973079,0,0,1207,476.76,81211,0,424880,0,0,0,0,2282,40566,0,0,85,5,0,0,0,0,0,0,290,0,0,98220,45243
07/14/2018 16:38:43,1154887,0,0,3064,224.1,82902,0,420284,0,0,0,0,2301,40667,0,0,114,5,0,0,0,0,0,0,290,0,0,100692,44136
07/14/2018 16:38:44,1261130,0,0,2036,340.03,101053,0,373764,0,0,0,0,2318,40797,0,0,81,5,0,0,0,0,0,0,290,0,0,172299,68547
07/14/2018 16:38:45,1187121,0,0,1757,358.85,74199,0,481860,0,0,0,0,2340,40912,0,0,68,5,0,0,0,0,0,0,290,0,0,95437,39405
07/14/2018 16:38:46,1300351,0,0,1065,679.46,96868,0,408791,0,0,0,0,2362,41004,0,0,77,5,0,0,0,0,0,0,290,0,0,167286,64910
07/14/2018 16:38:47,1485373,0,0,742,1193.37,122812,0,427737,0,9,0,0,2448,41105,0,0,104,6,0,0,0,0,0,0,290,0,0,233656,88414
07/14/2018 16:38:48,1518836,0,0,945,995.52,105385,0,481897,0,38,0,0,2490,41247,0,0,89,5,0,0,0,0,0,0,290,0,0,173046,68619
07/14/2018 16:38:49,1076967,0,0,722,1164.86,68592,0,412611,0,19,0,0,2518,41360,0,0,99,5,0,0,0,0,0,0,290,0,0,76336,33326
07/14/2018 16:38:50,992815,0,0,1265,485.02,91075,0,474247,0,19,0,0,2550,41466,0,0,118,6,0,0,0,0,0,0,290,0,0,112344,54452
07/14/2018 16:38:51,1186452,0,0,1490,490.67,73829,0,425532,0,38,0,0,2593,41579,0,0,84,5,0,0,0,0,0,0,290,1,0,88423,40012
07/14/2018 16:38:52,1528486,0,0,905,906.56,111791,0,536189,0,21,0,0,2628,41750,0,0,116,7,0,0,0,0,0,0,290,0,0,162364,72101
07/14/2018 16:38:53,1258070,0,0,762,951.46,83106,0,493093,0,9,0,0,2713,41779,0,0,41,6,0,0,0,0,0,0,290,0,0,136681,47157
07/14/2018 16:38:54,1074395,0,0,966,584.51,86919,0,404100,0,19,0,0,2742,41871,0,0,29,5,0,0,0,0,0,0,290,0,0,110907,52522
07/14/2018 16:38:55,1095414,0,0,1969,339.21,60285,0,430440,0,0,0,0,2758,41986,0,0,75,3,0,0,0,0,0,0,290,0,0,71165,29565
07/14/2018 16:38:56,1519109,0,0,882,771.03,110097,0,440925,0,19,0,0,2785,42123,0,0,69,6,0,0,0,0,0,0,290,0,0,158360,74557
07/14/2018 16:38:57,1308481,0,0,547,1464.49,87402,0,398245,0,0,0,0,2801,42185,0,0,60,3,0,0,0,0,0,0,290,0,0,165578,52358
07/14/2018 16:38:58,859856,0,0,1769,353.44,84446,0,395483,0,46,0,0,2949,42316,0,0,119,7,0,0,0,0,0,0,290,0,0,99184,44182
07/14/2018 16:38:59,1025362,0,0,1418,442.82,84323,0,478390,0,18,0,0,2993,42408,0,0,66,4,0,0,0,0,0,0,290,0,0,105389,47294
07/14/2018 16:39:00,1435603,0,0,1716,502.13,81302,0,483965,0,0,0,0,3049,42528,0,0,68,6,0,0,0,0,0,0,290,0,0,97596,40898
07/14/2018 16:39:01,1107657,0,0,1595,463.68,81267,0,497688,0,18,0,0,3138,42663,0,0,114,6,0,0,0,0,0,0,290,0,0,114279,43117
07/14/2018 16:39:02,1080496,0,0,822,893.91,102348,0,401098,0,0,0,0,3156,42755,0,0,72,6,0,0,0,0,0,0,290,0,0,175094,70366
07/14/2018 16:39:03,1201015,0,0,2073,324.53,74116,0,408909,0,0,0,0,3180,42890,0,0,109,4,0,0,0,0,0,0,290,0,0,91347,41069
07/14/2018 16:39:04,879614,0,0,940,620.73,78970,0,391512,0,0,0,0,3192,42976,0,0,51,5,0,0,0,0,0,0,290,0,0,85760,42356
07/14/2018 16:39:05,1304088,0,0,2572,284.93,109168,0,316126,0,0,0,0,3213,43102,0,0,72,4,0,0,0,0,0,0,290,0,0,219027,79286
07/14/2018 16:39:06,1321584,0,0,3059,249.15,78031,0,497269,0,0,0,0,3237,43190,0,0,65,5,0,0,0,0,0,0,290,0,0,101829,41062
07/14/2018 16:39:07,1350981,0,0,3284,226.78,84312,0,452699,0,0,0,0,3259,43324,0,0,91,5,0,0,0,0,0,0,290,0,0,103736,48836
07/14/2018 16:39:08,946344,0,0,2304,271.09,75232,0,429323,0,18,0,0,3345,43458,0,0,76,6,0,0,0,0,0,0,290,0,0,85730,36127
07/14/2018 16:39:09,1632821,0,0,2912,260.26,112071,0,394784,0,0,0,0,3366,43544,0,0,86,6,0,0,0,0,0,0,290,0,0,187840,75944
07/14/2018 16:39:10,1331048,0,0,1133,749.06,97679,0,495519,0,19,0,0,3396,43671,0,0,77,6,0,0,0,0,0,0,290,0,0,165322,59481
07/14/2018 16:39:11,851885,0,0,720,773.91,78373,0,362315,0,0,0,0,3413,43772,0,0,56,4,0,0,0,0,0,0,290,0,0,102217,47639
07/14/2018 16:39:12,1111132,0,0,584,1308.85,99151,0,433706,0,0,0,0,3433,43852,0,0,59,5,0,0,0,0,0,0,290,0,0,160820,61786
07/14/2018 16:39:13,1210227,0,0,619,1163,78025,0,411940,0,0,0,0,3455,43992,0,0,76,5,0,0,0,0,0,0,290,0,0,92375,44074
07/14/2018 16:39:14,1584058,0,0,1337,666.21,127677,0,509868,0,27,0,0,3603,44129,0,0,68,5,0,0,0,0,0,0,290,0,0,193004,83757
07/14/2018 16:39:15,1149727,0,0,1343,571.34,75889,0,477004,0,46,0,0,3760,44228,0,0,140,7,0,0,0,0,0,0,290,0,0,81891,34252
07/14/2018 16:39:16,1845366,0,0,1213,715.7,124066,0,446307,0,0,0,0,3782,44344,0,0,84,5,0,0,0,0,0,0,290,0,0,240127,91619
07/14/2018 16:39:17,855032,0,0,784,659.83,90436,0,358102,0,0,0,0,3803,44425,0,0,93,6,0,0,0,0,0,0,290,0,0,117386,53567
07/14/2018 16:39:18,859112,0,0,766,841.54,71371,0,395307,0,19,0,0,3830,44555,0,0,64,4,0,0,0,0,0,0,290,0,0,90498,36761
07/14/2018 16:39:19,1105529,0,0,1003,611.31,104305,0,378447,0,18,0,0,3928,44645,0,0,65,6,0,0,0,0,0,0,290,0,0,168877,68111
07/14/2018 16:39:20,1125353,0,0,600,1288.07,82887,0,470504,0,18,0,0,3993,44737,0,0,102,5,0,0,0,0,0,0,290,0,0,115171,48500
07/14/2018 16:39:21,971254,0,0,552,1266.63,69933,0,432317,0,0,0,0,4012,44834,0,0,36,4,0,0,0,0,0,0,290,0,0,91642,37797
07/14/2018 16:39:22,1199840,0,0,1245,571.74,92156,0,379676,0,0,0,0,4024,44938,0,0,77,4,0,0,0,0,0,0,290,0,0,153173,60534
07/14/2018 16:39:23,1217883,0,0,2198,342.6,74319,0,466140,0,0,0,0,4047,45048,0,0,76,4,0,0,0,0,0,0,290,0,0,96035,40974
07/14/2018 16:39:24,1523667,0,0,3329,230.01,77596,0,520620,0,0,0,0,4070,45193,0,0,89,5,0,0,0,0,0,0,290,0,0,96369,41497
07/14/2018 16:39:25,1170308,0,0,1248,608.59,113230,0,516211,0,19,0,0,4101,45353,0,0,122,7,0,0,0,0,0,0,290,0,0,138621,63254
07/14/2018 16:39:26,914810,0,0,1077,575.66,67763,0,420472,0,18,0,0,4148,45472,0,0,54,4,0,0,0,0,0,0,290,0,0,97401,36342
07/14/2018 16:39:27,1261235,0,0,1748,464.47,130589,0,382317,0,0,0,4193,239,45559,0,139,75,5,0,0,0,0,0,0,291,0,0,231869,96535
07/14/2018 16:39:28,872521,0,0,1791,336.13,76262,0,399880,0,19,0,0,434,45652,0,0,71,6,0,0,0,0,0,0,291,0,0,98781,40641
07/14/2018 16:39:29,1388146,0,0,922,749.93,85174,0,451473,0,38,0,0,652,45757,0,0,84,6,0,0,0,0,0,0,291,0,0,143810,50835
07/14/2018 16:39:30,782750,0,0,759,708.93,79672,0,331363,0,54,0,0,959,45875,0,0,98,6,0,0,0,0,0,0,291,0,0,82562,42397
07/14/2018 16:39:31,1783315,0,0,1897,417.16,108550,0,447751,0,0,0,0,1000,46036,0,0,46,4,0,0,0,0,0,0,291,0,0,159956,70314
07/14/2018 16:39:32,1058245,0,0,756,994.08,82121,0,476467,0,0,0,0,1051,46112,0,0,79,5,0,0,0,0,0,0,291,0,0,102402,40012
07/14/2018 16:39:33,970452,0,0,1362,442.08,75031,0,431661,0,0,0,0,1111,46223,0,0,64,6,0,0,0,0,0,0,291,0,0,95733,39807
07/14/2018 16:39:34,1503398,0,0,1648,518.03,84952,0,527085,0,0,0,0,1148,46331,0,0,92,5,0,0,0,0,0,0,291,0,0,113711,45493
07/14/2018 16:39:35,1204580,0,0,3325,179.61,85788,0,356963,0,0,0,0,1166,46463,0,0,55,4,0,0,0,0,0,0,291,0,0,92141,44057
07/14/2018 16:39:36,1082542,0,0,837,759.18,78457,0,454856,0,0,0,0,1192,46580,0,0,84,6,0,0,0,0,0,0,291,0,0,96277,41207
07/14/2018 16:39:37,950103,0,0,806,713.43,82736,0,397924,0,0,0,0,1221,46692,0,0,111,5,0,0,0,0,0,0,291,0,0,94260,47378
07/14/2018 16:39:38,1648113,0,0,1782,421.95,74236,0,461617,0,27,0,0,1371,46823,0,0,90,6,0,0,0,0,0,0,291,0,0,78315,32275
07/14/2018 16:39:39,1586175,0,0,608,1417.52,101134,0,460870,0,0,0,0,1393,46970,0,0,43,5,0,0,0,0,0,0,291,0,0,174218,70361
07/14/2018 16:39:40,1703379,0,0,2104,466.99,114540,0,469041,0,9,0,0,1478,47109,0,0,118,6,0,0,0,0,0,0,291,0,0,165927,72288
07/14/2018 16:39:41,1545045,0,0,824,1017.57,99859,0,402341,0,0,0,0,1502,47219,0,0,110,4,0,0,0,0,0,0,291,0,0,182764,64498
07/14/2018 16:39:42,1302424,0,0,1111,748.61,106486,0,451325,0,0,0,0,1519,47344,0,0,103,5,0,0,0,0,0,0,291,0,0,186775,72993
07/14/2018 16:39:43,1069787,0,0,1567,395.49,73147,0,427092,0,0,0,0,1543,47450,0,0,89,5,0,0,0,0,0,0,291,0,0,91394,40481
07/14/2018 16:39:44,907643,0,0,1500,373.99,75728,0,374963,0,0,0,0,1559,47570,0,0,71,5,0,0,0,0,0,0,291,0,0,100329,43535
07/14/2018 16:39:45,1178420,0,0,850,778.24,95518,0,376406,0,0,0,0,1580,47654,0,0,44,4,0,0,0,0,0,0,291,0,0,160948,65088
07/14/2018 16:39:46,1175319,0,0,1180,727.71,73599,0,374385,0,0,0,0,1600,47741,0,0,62,5,0,0,0,0,0,0,291,0,0,84317,36549
07/14/2018 16:39:47,904849,0,0,1483,442.48,67586,0,448706,0,0,0,0,1615,47864,0,0,44,4,0,0,0,0,0,0,291,0,0,83961,36653
07/14/2018 16:39:48,1146686,0,0,1133,675.26,106391,0,457562,0,39,0,0,1662,47971,0,0,115,5,0,0,0,0,0,0,291,0,0,170261,70039
07/14/2018 16:39:49,1453098,0,0,617,1732.76,117217,0,551738,0,1,0,0,1678,48090,0,0,100,5,0,0,0,0,0,0,291,0,0,193150,75269
07/14/2018 16:39:50,607913,0,0,609,621.78,72843,0,299130,0,19,0,0,1701,48167,0,0,75,5,0,0,0,0,0,0,291,0,0,89024,43605
07/14/2018 16:39:51,1298310,0,0,707,1068.47,78213,0,397254,0,37,0,0,1788,48260,0,0,110,5,0,0,0,0,0,0,291,0,0,93991,41682
07/14/2018 16:39:52,1411819,0,0,1294,602.15,106569,0,473424,0,0,0,0,1468,48379,0,0,106,6,0,0,0,0,0,0,291,0,0,172580,66514
07/14/2018 16:39:53,1657033,0,0,905,1131.78,118285,0,532978,0,56,0,0,1572,48517,0,0,95,7,0,0,0,0,0,0,291,0,0,193984,76404
07/14/2018 16:39:54,1187979,0,0,1003,805.7,111795,0,411662,0,37,0,0,1661,48655,0,0,87,5,0,0,0,0,0,0,291,0,0,162143,68843
07/14/2018 16:39:55,1007425,0,0,838,750.92,94776,0,365975,0,19,0,0,1695,48738,0,0,31,6,0,0,0,0,0,0,291,0,0,164901,64470
07/14/2018 16:39:56,1387239,0,0,2122,295.82,67266,0,445865,0,0,0,0,1713,48855,0,0,57,4,0,0,0,0,0,0,291,0,0,77461,29404
07/14/2018 16:39:57,1279681,0,0,1339,635,87919,0,435378,0,19,0,0,1747,48966,0,0,108,5,0,0,0,0,0,0,291,0,0,99652,46260
07/14/2018 16:39:58,934149,0,0,1693,353.89,80883,0,377914,0,0,0,0,1770,49097,0,0,78,5,0,0,0,0,0,0,291,0,0,96365,45999
07/14/2018 16:39:59,1370443,0,0,1126,813.03,103926,0,503069,0,0,0,0,1793,49248,0,0,70,5,0,0,0,0,0,0,291,0,0,175333,65979
07/14/2018 16:40:00,1118497,0,0,2546,237.24,87996,0,395260,0,0,0,0,1811,49364,0,0,80,5,0,0,0,0,0,0,291,0,0,104443,48115
07/14/2018 16:40:01,1571038,0,0,1056,955.29,134446,0,478715,0,9,0,0,1904,49491,0,0,132,7,0,0,0,0,0,0,291,0,0,256859,95295
07/14/2018 16:40:02,951609,0,0,553,887.39,73448,0,386207,0,18,0,0,1988,49569,0,0,103,5,0,0,0,0,0,0,291,0,0,83874,39387
07/14/2018 16:40:03,849801,0,0,1885,264.49,65043,0,316214,0,0,0,0,2010,49672,0,0,99,4,0,0,0,0,0,0,291,0,0,75065,33785
07/14/2018 16:40:04,1629489,0,0,1280,720.15,98068,0,562907,0,0,0,0,2032,49809,0,0,99,6,0,0,0,0,0,0,291,0,0,123708,53510
07/14/2018 16:40:05,1384519,0,0,1196,799.53,71920,0,464300,0,18,0,0,2113,49961,0,0,79,5,0,0,0,0,0,0,291,0,0,86037,35078
07/14/2018 16:40:06,1001261,0,0,912,619.05,81608,0,367181,0,0,0,0,2132,50068,0,0,49,4,0,0,0,0,0,0,291,0,0,100670,49960
07/14/2018 16:40:07,1483983,0,0,2551,270.12,98834,0,355916,0,19,0,0,2154,50148,0,0,83,6,0,0,0,0,0,0,291,0,0,166115,65281
07/14/2018 16:40:08,1164327,0,0,1069,834.44,82021,0,499819,0,9,0,0,2239,50265,0,0,47,5,0,0,0,0,0,0,291,0,0,110145,44116
07/14/2018 16:40:09,1117976,0,0,1321,474.64,96683,0,373001,0,36,0,0,2391,50357,0,0,95,7,0,0,0,0,0,0,291,0,0,157928,63932
07/14/2018 16:40:10,1014583,0,0,1038,729.33,75052,0,457598,0,0,0,0,2408,50459,0,0,54,4,0,0,0,0,0,0,291,0,0,94279,39489
07/14/2018 16:40:11,842479,0,0,653,927.23,78427,0,447397,0,18,0,0,2494,50557,0,0,55,6,0,0,0,0,0,0,291,0,0,95519,42422
07/14/2018 16:40:12,1346965,0,0,1125,685.98,108421,0,434521,0,28,0,0,2584,50669,0,0,64,6,0,0,0,0,0,0,291,0,0,173328,70199
07/14/2018 16:40:13,1088969,0,0,1066,390.41,61455,0,301538,0,0,0,0,2602,50743,0,0,62,4,0,0,0,0,0,0,291,0,0,71365,33648
07/14/2018 16:40:14,1180852,0,0,989,806.57,94371,0,485507,0,0,0,0,2622,50887,0,0,125,5,0,0,0,0,0,0,291,0,0,114795,49414
07/14/2018 16:40:15,1053496,0,0,636,886,72281,0,394240,0,19,0,0,2656,51001,0,0,50,4,0,0,0,0,0,0,291,0,0,82273,38871
07/14/2018 16:40:16,1575367,0,0,803,1038.87,92323,0,522877,0,19,0,0,2742,51151,0,0,124,6,0,0,0,0,0,0,291,0,0,106989,49062
07/14/2018 16:40:17,831860,0,0,725,838.81,81215,0,396979,0,18,0,0,2824,51252,0,0,63,7,0,0,0,0,0,0,291,0,0,101542,45539
07/14/2018 16:40:18,893907,0,0,843,598.23,69309,0,377633,0,19,0,0,2849,51330,0,0,67,5,0,0,0,0,0,0,291,0,0,81304,35582
07/14/2018 16:40:19,1406544,0,0,1059,739.44,109026,0,427471,0,0,0,0,2865,51475,0,0,84,4,0,0,0,0,0,0,291,0,0,167523,70702
07/14/2018 16:40:20,994569,0,0,801,752.98,84590,0,413070,0,9,0,0,2945,51538,0,0,47,6,0,0,0,0,0,0,291,0,0,101798,45546
07/14/2018 16:40:21,1322287,0,0,1787,404.8,95763,0,438463,0,19,0,0,2971,51718,0,0,98,5,0,0,0,0,0,0,291,0,0,154263,60346
07/14/2018 16:40:22,1496146,0,0,1678,396.44,79476,0,394358,0,0,0,0,2986,51785,0,0,69,4,0,0,0,0,0,0,291,0,0,99396,42851
07/14/2018 16:40:23,1990273,0,0,1061,910.48,160339,0,447024,0,0,0,0,3007,52006,0,0,78,5,0,0,0,0,0,0,291,0,0,291294,120842
07/14/2018 16:40:24,1099538,0,0,1405,519.69,96406,0,369013,0,18,0,0,3100,52032,0,0,65,6,0,0,0,0,0,0,291,0,0,189544,63653
07/14/2018 16:40:25,756090,0,0,671,751.9,83119,0,369186,0,0,0,0,3113,52139,0,0,72,4,0,0,0,0,0,0,291,0,0,101223,47905
07/14/2018 16:40:26,1403426,0,0,1207,799.11,100158,0,490923,0,0,0,0,3132,52243,0,0,92,6,0,0,0,0,0,0,291,0,0,173290,64591
07/14/2018 16:40:27,1340216,0,0,1463,555.91,73177,0,481233,0,0,0,0,3158,52361,0,0,65,4,0,0,0,0,0,0,291,0,0,99859,39628
07/14/2018 16:40:28,1438169,0,0,921,1029.7,112641,0,465206,0,19,0,0,3184,52491,0,0,71,5,0,0,0,0,0,0,291,0,0,183668,75914
07/14/2018 16:40:29,1078662,0,0,1634,372.72,63061,0,325335,0,0,0,0,3201,52568,0,0,47,5,0,0,0,0,0,0,291,0,0,79998,32110
07/14/2018 16:40:30,1279576,0,0,1786,486.83,86586,0,510756,0,19,0,0,3231,52699,0,0,98,5,0,0,0,0,0,0,291,0,0,108247,46619
07/14/2018 16:40:31,714734,0,0,1298,364.73,77363,0,359382,0,0,0,0,3249,52808,0,0,61,5,0,0,0,0,0,0,291,0,0,101710,45984
07/14/2018 16:40:32,1243194,0,0,2049,428.15,97271,0,426134,0,0,0,0,3269,52916,0,0,64,4,0,0,0,0,0,0,291,0,0,160105,60614
07/14/2018 16:40:33,1471569,0,0,1492,518.91,106882,0,451337,0,45,0,0,3481,53014,0,0,90,8,0,0,0,0,0,0,291,0,0,166179,67432
07/14/2018 16:40:34,1127074,0,0,1110,485.37,79306,0,387698,0,19,0,0,3515,53120,0,0,57,5,0,0,0,0,0,0,291,0,0,97811,43538
07/14/2018 16:40:35,1420643,0,0,806,888.95,82141,0,460964,0,0,0,0,3532,53219,0,0,87,6,0,0,0,0,0,0,291,0,0,107560,47563
07/14/2018 16:40:36,1227790,0,0,595,1488.4,99688,0,427803,0,0,0,0,3551,53346,0,0,61,4,0,0,0,0,0,0,291,0,0,172139,66755
07/14/2018 16:40:37,1018717,0,0,1395,479.24,78878,0,470734,0,18,0,0,3634,53441,0,0,68,5,0,0,0,0,0,0,291,0,0,95698,41720
07/14/2018 16:40:38,1165572,0,0,535,1495.24,103867,0,427046,0,0,0,0,3654,53568,0,0,66,5,0,0,0,0,0,0,291,0,0,165090,68528
07/14/2018 16:40:39,1433343,0,0,1621,577.55,98842,0,533998,0,19,0,0,3685,53704,0,0,142,5,0,0,0,0,0,0,291,0,0,121978,54513
07/14/2018 16:40:40,995724,0,0,857,633.16,71262,0,412388,0,0,0,0,3707,53796,0,0,54,5,0,0,0,0,0,0,291,0,0,89348,37676
07/14/2018 16:40:41,907374,0,0,791,685.31,71961,0,357468,0,0,0,0,3722,53876,0,0,51,5,0,0,0,0,0,0,291,0,0,82364,40772
07/14/2018 16:40:42,1399380,0,0,1157,745.72,85822,0,516922,0,9,0,0,3806,54009,0,0,120,5,0,0,0,0,0,0,291,0,0,111767,46979
07/14/2018 16:40:43,1892430,0,0,1531,592.09,107367,0,481623,0,18,0,0,3894,54129,0,0,64,6,0,0,0,0,0,0,291,0,0,182197,68332
07/14/2018 16:40:44,1308169,0,0,1614,325.36,64899,0,332927,0,1,0,0,3910,54222,0,0,61,4,0,0,0,0,0,0,291,0,0,94302,37407
07/14/2018 16:40:45,1286145,0,0,1360,585.79,111690,0,438664,0,0,0,0,3930,54310,0,0,76,5,0,0,0,0,0,0,291,0,0,161792,74859
07/14/2018 16:40:46,1260220,0,0,952,803.36,99556,0,439222,0,18,0,0,4017,54449,0,0,94,6,0,0,0,0,0,0,291,0,0,163621,61334
07/14/2018 16:40:47,893748,0,0,1062,480.84,80082,0,373576,0,0,0,4027,236,54527,0,133,43,4,0,0,0,0,0,0,292,0,0,103006,49725
07/14/2018 16:40:48,1158184,0,0,860,894.06,84399,0,471431,0,1,0,0,395,54654,0,0,82,4,0,0,0,0,0,0,292,0,0,117841,42228
07/14/2018 16:40:49,1290945,0,0,1174,759.68,109265,0,519731,0,0,0,0,520,54801,0,0,95,6,0,0,0,0,0,0,292,0,0,156194,68716
07/14/2018 16:40:50,1082628,0,0,1011,604.47,82162,0,384828,0,56,0,0,721,54886,0,0,76,5,0,0,0,0,0,0,292,0,0,94207,46098
07/14/2018 16:40:51,1467704,0,0,992,903.13,122963,0,338667,0,0,0,0,778,55011,0,0,77,6,0,0,0,0,0,0,292,0,0,230244,85980
07/14/2018 16:40:52,1380442,0,0,1556,458.82,84590,0,473481,0,0,0,0,817,55131,0,0,66,5,0,0,0,0,0,0,292,0,0,113912,49452
07/14/2018 16:40:53,748594,0,0,1346,412.36,64261,0,404106,0,19,0,0,858,55197,0,0,83,4,0,0,0,0,0,0,292,0,0,73104,31945
07/14/2018 16:40:54,801558,0,0,1052,535.71,72580,0,365747,0,38,0,0,908,55309,0,0,82,6,0,0,0,0,0,0,292,0,0,88167,39423
07/14/2018 16:40:55,1221791,0,0,1524,442.75,89116,0,424351,0,19,0,0,948,55403,0,0,152,6,0,0,0,0,0,0,292,0,0,108598,50181
07/14/2018 16:40:56,1177515,0,0,897,818.05,72269,0,430969,0,0,0,0,981,55522,0,0,53,4,0,0,0,0,0,0,292,0,0,91074,38422
07/14/2018 16:40:57,1377915,0,0,1715,431.31,80590,0,416179,0,38,0,0,1028,55640,0,0,119,5,0,0,0,0,0,0,292,0,0,93478,40934
07/14/2018 16:40:58,1502034,0,0,2279,402.5,105470,0,510181,0,0,0,0,1046,55736,0,0,72,6,0,0,0,0,0,0,292,0,0,182022,67342
07/14/2018 16:40:59,1451803,0,0,751,933.31,73390,0,478094,0,19,0,0,1079,55908,0,0,75,5,0,0,0,0,0,0,292,0,0,82337,35169
07/14/2018 16:41:00,1290341,0,0,886,772.4,93799,0,387935,0,0,0,0,1102,56040,0,0,70,6,0,0,0,0,0,0,292,0,0,100977,53300
07/14/2018 16:41:01,968386,0,0,647,1094.9,92994,0,452986,0,18,0,0,1190,56151,0,0,59,5,0,0,0,0,0,0,292,0,0,114959,53882
07/14/2018 16:41:02,1148235,0,0,786,846.36,71279,0,404794,0,0,0,0,1210,56243,0,0,56,4,0,0,0,0,0,0,292,0,0,81593,38509
07/14/2018 16:41:03,1596269,0,0,1483,549.88,126605,0,405558,0,18,0,0,1298,56331,0,0,78,6,0,0,0,0,0,0,292,0,0,246831,93481
07/14/2018 16:41:04,1634198,0,0,2162,461.29,132857,0,456527,0,36,0,0,1519,56441,0,0,111,7,0,0,0,0,0,0,292,0,0,246730,93634
07/14/2018 16:41:05,1095387,0,0,660,1050.25,67081,0,401288,0,0,0,0,1539,56529,0,0,47,5,0,0,0,0,0,0,292,0,0,91737,36141
07/14/2018 16:41:06,1477202,0,0,1092,690.77,77934,0,458244,0,0,0,0,1564,56648,0,0,71,4,0,0,0,0,0,0,292,0,0,96925,43932
07/14/2018 16:41:07,1934959,0,0,1680,622.41,118667,0,514991,0,0,0,0,1586,56780,0,0,92,5,0,0,0,0,0,0,292,0,0,200018,80186
07/14/2018 16:41:08,816025,0,0,998,531.42,71618,0,345915,0,36,0,0,1735,56871,0,0,116,5,0,0,0,0,0,0,292,0,0,76509,34080
07/14/2018 16:41:09,1100939,0,0,678,1092.27,102328,0,416223,0,0,0,0,1759,56991,0,0,59,6,0,0,0,0,0,0,292,0,0,171294,64786
07/14/2018 16:41:10,1440640,0,0,988,916.69,110694,0,471195,0,9,0,0,1840,57076,0,0,56,4,0,0,0,0,0,0,292,0,0,173170,69444
07/14/2018 16:41:11,1248793,0,0,1766,460.56,90476,0,483918,0,0,0,0,1860,57222,0,0,80,5,0,0,0,0,0,0,292,0,0,115024,51009
07/14/2018 16:41:12,1122755,0,0,764,853.76,77389,0,445230,0,0,0,0,1879,57357,0,0,72,5,0,0,0,0,0,0,292,0,0,83771,39842
07/14/2018 16:41:13,831235,0,0,1083,496.48,76972,0,364604,0,18,0,0,1976,57436,0,0,69,5,0,0,0,0,0,0,292,0,0,86613,40528
07/14/2018 16:41:14,1462866,0,0,1031,862.85,130496,0,394965,0,0,0,0,2001,57551,0,0,57,5,0,0,0,0,0,0,292,0,0,250573,95831
07/14/2018 16:41:15,884949,0,0,1178,547.17,84428,0,414163,0,18,0,0,2083,57668,0,0,99,5,0,0,0,0,0,0,292,0,0,105114,47605
07/14/2018 16:41:16,782192,0,0,1256,451.52,67244,0,312632,0,0,0,0,2104,57737,0,0,69,5,0,0,0,0,0,0,292,0,0,81637,35784
07/14/2018 16:41:17,1045631,0,0,1295,464.28,82658,0,397432,0,1,0,0,2123,57860,0,0,94,5,0,0,0,0,0,0,292,0,0,100217,46272
07/14/2018 16:41:18,1225131,0,0,1396,517.81,81713,0,436002,0,38,0,0,2154,57961,0,0,106,5,0,0,0,0,0,0,292,0,0,94243,42679
07/14/2018 16:41:19,1054129,0,0,1521,466.41,92828,0,369643,0,0,0,0,2170,58068,0,0,47,3,0,0,0,0,0,0,292,1,0,156362,62238
07/14/2018 16:41:20,1123268,0,0,1651,380.85,74353,0,470145,0,19,0,0,2207,58181,0,0,98,7,0,0,0,0,0,0,292,0,0,94157,36855
07/14/2018 16:41:21,1245905,0,0,1335,406.79,72639,0,372863,0,19,0,0,2244,58292,0,0,69,5,0,0,0,0,0,0,292,0,0,79104,38523
07/14/2018 16:41:22,1164699,0,0,1409,562.97,76886,0,470041,0,0,0,0,2258,58404,0,0,79,5,0,0,0,0,0,0,292,0,0,98383,42011
07/14/2018 16:41:23,1185760,0,0,1597,471.62,99533,0,449214,0,18,0,0,2347,58530,0,0,78,5,0,0,0,0,0,0,292,0,0,115158,54517
07/14/2018 16:41:24,1369339,0,0,2498,374.58,99116,0,421819,0,18,0,0,2438,58671,0,0,65,6,0,0,0,0,0,0,292,0,0,155136,60975
07/14/2018 16:41:25,1108851,0,0,2058,267.41,79043,0,380761,0,0,0,0,2454,58760,0,0,60,4,0,0,0,0,0,0,292,0,0,99626,46333
07/14/2018 16:41:26,848705,0,0,1238,456.64,79728,0,402972,0,0,0,0,2480,58880,0,0,88,5,0,0,0,0,0,0,292,0,0,92339,38403
07/14/2018 16:41:27,1639569,0,0,875,1013.02,101723,0,413508,0,0,0,0,2498,58991,0,0,76,5,0,0,0,0,0,0,292,0,0,162798,65853
07/14/2018 16:41:28,1699530,0,0,1149,734.85,122398,0,424113,0,0,0,0,2515,59129,0,0,101,5,0,0,0,0,0,0,292,0,0,218008,89740
07/14/2018 16:41:29,1171988,0,0,1119,636.46,86704,0,420423,0,0,0,0,2540,59258,0,0,94,6,0,0,0,0,0,0,292,0,0,130214,51058
07/14/2018 16:41:30,1246339,0,0,524,1113.47,66720,0,345653,0,37,0,0,2633,59321,0,0,70,4,0,0,0,0,0,0,292,0,0,82164,36757
07/14/2018 16:41:31,1448305,0,0,1222,753.08,86871,0,542856,0,37,0,0,2724,59469,0,0,91,6,0,0,0,0,0,0,292,0,0,105984,46816
07/14/2018 16:41:32,1258836,0,0,907,820.31,78220,0,443134,0,0,0,0,2745,59575,0,0,68,5,0,0,0,0,0,0,292,1,0,95781,40113
07/14/2018 16:41:33,974223,0,0,1764,329.84,74142,0,370962,0,19,0,0,2774,59685,0,0,51,5,0,0,0,0,0,0,292,0,0,110424,41685
07/14/2018 16:41:34,1438977,0,0,698,1499.46,134473,0,418806,0,0,0,0,2798,59800,0,0,91,5,0,0,0,0,0,0,292,0,0,229088,96851
07/14/2018 16:41:35,1169597,0,0,512,1346.23,92356,0,406487,0,18,0,0,2873,59886,0,0,70,5,0,0,0,0,0,0,292,0,0,153479,58942
07/14/2018 16:41:36,813194,0,0,772,691.1,84844,0,398830,0,18,0,0,2958,59993,0,0,40,5,0,0,0,0,0,0,292,0,0,101296,50311
07/14/2018 16:41:37,1226367,0,0,1147,697.27,91222,0,446156,0,19,0,0,2983,60096,0,0,67,5,0,0,0,0,0,0,292,0,0,112327,50812
07/14/2018 16:41:38,1062650,0,0,278,2396.18,80352,0,381353,0,0,0,0,3000,60199,0,0,54,4,0,0,0,0,0,0,292,0,0,136012,50739
07/14/2018 16:41:39,1161867,0,0,1401,444.94,84486,0,439140,0,18,0,0,3088,60285,0,0,53,6,0,0,0,0,0,0,292,0,0,103824,44267
07/14/2018 16:41:40,1124774,0,0,872,850.18,77147,0,397876,0,0,0,0,3108,60400,0,0,80,4,0,0,0,0,0,0,292,0,0,92633,41283
07/14/2018 16:41:41,1143764,0,0,1082,617.11,79324,0,384507,0,18,0,0,3194,60527,0,0,90,5,0,0,0,0,0,0,292,0,0,90583,43692
07/14/2018 16:41:42,1277539,0,0,1369,526.85,89240,0,476986,0,19,0,0,2856,60625,0,0,108,7,0,0,0,0,0,0,292,0,0,113069,46915
07/14/2018 16:41:43,1462500,0,0,867,1064.38,123274,0,443128,0,0,0,0,2874,60719,0,0,55,4,0,0,0,0,0,0,292,0,0,240068,89864
07/14/2018 16:41:44,1286162,0,0,613,1113.75,76085,0,396277,0,0,0,0,2887,60821,0,0,58,4,0,0,0,0,0,0,292,0,0,91355,42604
07/14/2018 16:41:45,1534259,0,0,1680,540.94,133927,0,478020,0,0,0,0,2914,60944,0,0,56,5,0,0,0,0,0,0,292,0,0,248848,96105
07/14/2018 16:41:46,1053700,0,0,1455,412.65,79563,0,382561,0,0,0,0,2932,61089,0,0,92,6,0,0,0,0,0,0,292,0,0,97666,45077
07/14/2018 16:41:47,1198466,0,0,1654,466.71,79959,0,499878,0,19,0,0,2959,61204,0,0,67,4,0,0,0,0,0,0,292,0,0,93972,40059
07/14/2018 16:41:48,829407,0,0,673,856.39,75587,0,393116,0,0,0,0,2981,61308,0,0,75,5,0,0,0,0,0,0,292,0,0,94182,39547
07/14/2018 16:41:49,1549735,0,0,1271,596.11,126438,0,369799,0,18,0,0,3064,61389,0,0,81,7,0,0,0,0,0,0,292,0,0,233134,90516
07/14/2018 16:41:50,911984,0,0,1539,358.5,68195,0,411957,0,0,0,0,3082,61509,0,0,72,4,0,0,0,0,0,0,292,0,0,84418,34049
07/14/2018 16:41:51,1391465,0,0,2469,317.17,113552,0,418922,0,0,0,0,3100,61599,0,0,74,5,0,0,0,0,0,0,292,0,0,181585,77554
07/14/2018 16:41:52,1014896,0,0,810,897.78,67741,0,359892,0,0,0,0,3117,61708,0,0,57,4,0,0,0,0,0,0,292,0,0,86596,37181
07/14/2018 16:41:53,1339873,0,0,1190,607.58,79611,0,449270,0,37,0,0,3215,61866,0,0,92,6,0,0,0,0,0,0,292,0,0,89894,40028
07/14/2018 16:41:54,1354339,0,0,1862,381.84,86617,0,421276,0,18,0,0,3300,61979,0,0,87,6,0,0,0,0,0,0,292,1,0,99325,44063
07/14/2018 16:41:55,1415510,0,0,1321,649.08,106438,0,418599,0,19,0,0,3326,62088,0,0,69,5,0,0,0,0,0,0,292,0,0,164218,70784
07/14/2018 16:41:56,1142589,0,0,1668,393.52,101788,0,382902,0,55,0,0,3482,62206,0,0,116,6,0,0,0,0,0,0,292,0,0,163089,64029
07/14/2018 16:41:57,1064326,0,0,1048,581.27,85480,0,390161,0,38,0,0,3518,62291,0,0,96,7,0,0,0,0,0,0,292,0,0,107775,49177
07/14/2018 16:41:58,823811,0,0,801,672.69,68808,0,374022,0,18,0,0,3599,62391,0,0,49,4,0,0,0,0,0,0,292,0,0,78406,35158
07/14/2018 16:41:59,973206,0,0,1023,620.72,94192,0,455304,0,19,0,0,3627,62510,0,0,79,6,0,0,0,0,0,0,292,0,0,121095,55263
07/14/2018 16:42:00,1096426,0,0,1090,586.07,78125,0,414438,0,0,0,0,3648,62603,0,0,65,5,0,0,0,0,0,0,292,0,0,96606,43030
07/14/2018 16:42:01,1334496,0,0,1005,651.58,97447,0,370419,0,0,0,0,3665,62728,0,0,64,5,0,0,0,0,0,0,292,0,0,160871,66917
07/14/2018 16:42:02,1063445,0,0,650,982.07,73901,0,426315,0,18,0,0,3743,62778,0,0,55,5,0,0,0,0,0,0,292,0,0,92508,36363
07/14/2018 16:42:03,1356977,0,0,810,890.87,79791,0,439292,0,0,0,0,3759,62902,0,0,79,4,0,0,0,0,0,0,292,0,0,90482,44283
07/14/2018 16:42:04,1302466,0,0,816,942.1,85277,0,467586,0,0,0,0,3778,63000,0,0,33,5,0,0,0,0,0,0,292,0,0,108593,47204
07/14/2018 16:42:05,1143688,0,0,661,1103.67,81081,0,469088,0,37,0,0,3873,63137,0,0,97,6,0,0,0,0,0,0,292,0,0,102059,42959
07/14/2018 16:42:06,1398597,0,0,1526,473.64,119432,0,320399,0,18,0,0,3950,63226,0,0,74,5,0,0,0,0,0,0,292,0,0,222907,89496
07/14/2018 16:42:07,1293508,0,0,1066,662.07,80540,0,435432,0,0,0,3961,221,63333,0,131,60,5,0,0,0,0,0,0,293,0,0,107304,44522
07/14/2018 16:42:08,1023382,0,0,1686,427.83,83877,0,425884,0,9,0,0,496,63462,0,0,91,5,0,0,0,0,0,0,293,0,0,96187,42961
07/14/2018 16:42:09,1005798,0,0,857,805.59,101123,0,358161,0,19,0,0,573,63542,0,0,78,5,0,0,0,0,0,0,293,0,0,156406,66790
07/14/2018 16:42:10,1184151,0,0,1394,574.45,105582,0,448069,0,19,0,0,678,63663,0,0,90,6,0,0,0,0,0,0,293,0,0,176705,67242
07/14/2018 16:42:11,1150728,0,0,1006,695.08,74650,0,460632,0,18,0,0,772,63756,0,0,44,4,0,0,0,0,0,0,293,0,0,84407,38918
07/14/2018 16:42:12,968243,0,0,1204,547.83,76657,0,466963,0,0,0,0,822,63884,0,0,84,6,0,0,0,0,0,0,293,0,0,105037,39165
07/14/2018 16:42:13,973742,0,0,669,762.53,89833,0,376053,0,0,0,0,857,64023,0,0,49,5,0,0,0,0,0,0,293,0,0,110590,53604
07/14/2018 16:42:14,1397571,0,0,749,975.53,88406,0,353196,0,18,0,0,951,64118,0,0,84,5,0,0,0,0,0,0,293,0,0,138277,54329
07/14/2018 16:42:15,1122204,0,0,1464,489.17,102135,0,450341,0,0,0,0,974,64281,0,0,73,5,0,0,0,0,0,0,293,0,0,143465,62536
07/14/2018 16:42:16,1191122,0,0,944,750.12,108962,0,354758,0,0,0,0,998,64336,0,0,64,5,0,0,0,0,0,0,293,0,0,197007,75880
07/14/2018 16:42:17,1550177,0,0,2552,348.25,92355,0,540533,0,0,0,0,1024,64466,0,0,74,5,0,0,0,0,0,0,293,0,0,116798,49505
07/14/2018 16:42:18,910491,0,0,2175,266.43,88118,0,406725,0,0,0,0,1047,64591,0,0,77,5,0,0,0,0,0,0,293,0,0,108404,51422
07/14/2018 16:42:19,983679,0,0,1511,407.77,66296,0,398659,0,0,0,0,1067,64687,0,0,61,5,0,0,0,0,0,0,293,0,0,80614,33927
07/14/2018 16:42:20,1306115,0,0,1677,430.5,81360,0,483125,0,19,0,0,1101,64780,0,0,83,5,0,0,0,0,0,0,293,0,0,101536,41226
07/14/2018 16:42:21,1238874,0,0,898,817.59,100727,0,403415,0,0,0,0,1125,64914,0,0,43,5,0,0,0,0,0,0,293,0,0,145290,66813
07/14/2018 16:42:22,856436,0,0,1020,610.15,71081,0,340746,0,56,0,0,1231,64963,0,0,105,5,0,0,0,0,0,0,293,0,0,107734,39295
07/14/2018 16:42:23,1366278,0,0,1402,540.19,89102,0,430026,0,0,0,0,1254,65086,0,0,45,5,0,0,0,0,0,0,293,0,0,144250,55966
07/14/2018 16:42:24,1643536,0,0,1845,439.14,131075,0,378782,0,0,0,0,1273,65165,0,0,64,5,0,0,0,0,0,0,293,0,0,252749,94294
07/14/2018 16:42:25,1107383,0,0,1959,289.95,89767,0,400726,0,0,0,0,1291,65265,0,0,90,4,0,0,0,0,0,0,293,0,0,112749,54045
07/14/2018 16:42:26,1205226,0,0,1218,671.53,88801,0,485557,0,18,0,0,1382,65413,0,0,108,7,0,0,0,0,0,0,293,0,0,110303,45395
07/14/2018 16:42:27,1505562,0,0,1780,482.98,69869,0,502070,0,0,0,0,1397,65547,0,0,57,4,0,0,0,0,0,0,293,0,0,89969,35538
07/14/2018 16:42:28,1217535,0,0,914,720.17,78026,0,438172,0,0,0,0,1411,65643,0,0,49,4,0,0,0,0,0,0,293,0,0,91175,48363
07/14/2018 16:42:29,838595,0,0,571,1025.36,83258,0,388825,0,0,0,0,1428,65762,0,0,95,5,0,0,0,0,0,0,293,0,0,95584,44141
07/14/2018 16:42:30,1828414,0,0,1052,894.15,143538,0,388395,0,27,0,0,1533,65877,0,0,90,6,0,0,0,0,0,0,293,0,0,299393,105301
07/14/2018 16:42:31,840495,0,0,689,858.72,78249,0,405517,0,9,0,0,1598,65990,0,0,69,4,0,0,0,0,0,0,293,0,0,83446,44398
07/14/2018 16:42:32,1319170,0,0,673,1182.54,93374,0,538168,0,0,0,0,1621,66078,0,0,43,6,0,0,0,0,0,0,293,0,0,120969,49675
07/14/2018 16:42:33,1285404,0,0,593,1344.82,103365,0,440393,0,0,0,0,1642,66174,0,0,58,4,0,0,0,0,0,0,293,0,0,175506,69978
07/14/2018 16:42:34,1107718,0,0,1201,526.14,82307,0,479938,0,18,0,0,1729,66298,0,0,89,7,0,0,0,0,0,0,293,0,0,105258,40669
07/14/2018 16:42:35,1376275,0,0,805,860.94,105657,0,407695,0,0,0,0,1754,66386,0,0,53,5,0,0,0,0,0,0,293,0,0,181674,75427
07/14/2018 16:42:36,939935,0,0,349,2240.09,67062,0,372750,0,37,0,0,1839,66483,0,0,53,4,0,0,0,0,0,0,293,0,0,69221,32638
07/14/2018 16:42:37,1089841,0,0,639,1083.89,77136,0,436837,0,0,0,0,1860,66596,0,0,67,6,0,0,0,0,0,0,293,0,0,92177,40338
07/14/2018 16:42:38,973417,0,0,1545,308.03,76185,0,334964,0,19,0,0,1894,66688,0,0,72,5,0,0,0,0,0,0,293,0,0,88886,43620
07/14/2018 16:42:39,1057369,0,0,1146,681.42,75401,0,411726,0,18,0,0,1973,66821,0,0,47,4,0,0,0,0,0,0,293,0,0,92931,40729
07/14/2018 16:42:40,1384815,0,0,2122,345.83,84548,0,482177,0,19,0,0,2000,66966,0,0,86,6,0,0,0,0,0,0,293,0,0,91744,39998
07/14/2018 16:42:41,1106785,0,0,1800,355.27,82142,0,396306,0,0,0,0,2022,67094,0,0,77,5,0,0,0,0,0,0,293,0,0,104927,48684
07/14/2018 16:42:42,1391920,0,0,1018,840.04,109847,0,421997,0,37,0,0,2117,67197,0,0,83,7,0,0,0,0,0,0,293,0,0,178078,67187
07/14/2018 16:42:43,1381364,0,0,689,1155.86,83608,0,374137,0,19,0,0,2142,67330,0,0,70,5,0,0,0,0,0,0,293,0,0,96520,45513
07/14/2018 16:42:44,1402627,0,0,1787,417.12,90135,0,375731,0,18,0,0,2212,67415,0,0,51,4,0,0,0,0,0,0,293,0,0,148371,56058
07/14/2018 16:42:45,1059408,0,0,526,1321.84,94157,0,385677,0,0,0,0,2246,67507,0,0,42,5,0,0,0,0,0,0,293,0,0,161632,61240
07/14/2018 16:42:46,1463589,0,0,583,1414.57,121812,0,366512,0,19,0,0,2269,67589,0,0,75,5,0,0,0,0,0,0,293,0,0,228010,88232
07/14/2018 16:42:47,854412,0,0,1903,312.92,86487,0,404059,0,9,0,0,2324,67705,0,0,94,4,0,0,0,0,0,0,293,0,0,102467,47394
07/14/2018 16:42:48,1412221,0,0,1861,521.28,85021,0,494890,0,0,0,0,2344,67862,0,0,75,5,0,0,0,0,0,0,293,0,0,90346,42341
07/14/2018 16:42:49,1364901,0,0,1508,478.33,105287,0,429595,0,9,0,0,2429,67987,0,0,120,6,0,0,0,0,0,0,293,0,0,169979,66311
07/14/2018 16:42:50,903815,0,0,976,603.3,83922,0,387866,0,0,0,0,2454,68116,0,0,72,6,0,0,0,0,0,0,293,0,0,100036,46828
07/14/2018 16:42:51,1019172,0,0,613,904.8,84531,0,364748,0,0,0,0,2473,68191,0,0,61,6,0,0,0,0,0,0,293,0,0,114935,54087
07/14/2018 16:42:52,1153259,0,0,629,1314.22,67924,0,489759,0,0,0,0,2489,68289,0,0,28,3,0,0,0,0,0,0,293,0,0,88636,34040
07/14/2018 16:42:53,998569,0,0,800,875.35,81720,0,462203,0,37,0,0,2582,68375,0,0,72,6,0,0,0,0,0,0,293,0,0,101202,45365
07/14/2018 16:42:54,1124056,0,0,670,969.66,86864,0,400262,0,0,0,0,2603,68536,0,0,47,4,0,0,0,0,0,0,293,0,0,144332,58291
07/14/2018 16:42:55,1526202,0,0,1160,809.16,115362,0,483286,0,18,0,0,2689,68624,0,0,74,6,0,0,0,0,0,0,293,1,0,195486,73573
07/14/2018 16:42:56,891720,0,0,446,1315.25,75728,0,441670,0,18,0,0,2774,68728,0,0,97,4,0,0,0,0,0,0,293,0,0,78254,36464
07/14/2018 16:42:57,1153597,0,0,860,649.72,85368,0,374038,0,18,0,0,2854,68834,0,0,76,6,0,0,0,0,0,0,293,0,0,101171,50030
07/14/2018 16:42:58,1345236,0,0,1574,524.35,89539,0,429520,0,19,0,0,2889,68958,0,0,96,7,0,0,0,0,0,0,293,0,0,111770,47315
07/14/2018 16:42:59,1246065,0,0,1789,368.44,85982,0,442648,0,0,0,0,2906,69083,0,0,82,5,0,0,0,0,0,0,293,0,0,128901,52193
07/14/2018 16:43:00,1451763,0,0,432,2418.51,123669,0,448685,0,37,0,0,2995,69160,0,0,90,6,0,0,0,0,0,0,293,0,0,237694,90575
07/14/2018 16:43:01,932394,0,0,445,1573.8,73881,0,434125,0,18,0,0,3080,69245,0,0,74,4,0,0,0,0,0,0,293,0,0,87873,37485
07/14/2018 16:43:02,1003465,0,0,1116,553.22,80841,0,404209,0,0,0,0,3097,69389,0,0,51,4,0,0,0,0,0,0,293,0,0,85578,44555
07/14/2018 16:43:03,1809996,0,0,1167,848.89,133966,0,479856,0,38,0,0,3197,69514,0,0,103,7,0,0,0,0,0,0,293,0,0,251881,93279
07/14/2018 16:43:04,923228,0,0,1880,268.36,65536,0,335836,0,19,0,0,3221,69606,0,0,59,3,0,0,0,0,0,0,293,0,0,71883,34462
07/14/2018 16:43:05,1297049,0,0,1216,653.5,105895,0,475595,0,0,0,0,3239,69701,0,0,37,5,0,0,0,0,0,0,293,0,0,172328,67165
07/14/2018 16:43:06,971089,0,0,1624,312.5,83186,0,369995,0,0,0,0,3261,69834,0,0,56,4,0,0,0,0,0,0,293,0,0,108234,48573
07/14/2018 16:43:07,1222633,0,0,1755,406.63,82389,0,455117,0,38,0,0,3300,69934,0,0,110,6,0,0,0,0,0,0,293,0,0,97285,40052
07/14/2018 16:43:08,1394055,0,0,1869,454.03,98443,0,442876,0,19,0,0,3322,70022,0,0,50,5,0,0,0,0,0,0,293,0,0,182490,67831
07/14/2018 16:43:09,879386,0,0,1111,489.28,79523,0,363872,0,0,0,0,3339,70140,0,0,45,5,0,0,0,0,0,0,293,0,0,91511,43360
07/14/2018 16:43:10,1380843,0,0,610,1366.35,100317,0,388204,0,0,0,0,3352,70286,0,0,68,4,0,0,0,0,0,0,293,0,0,153650,65726
07/14/2018 16:43:11,1136386,0,0,1698,380.91,78077,0,448577,0,0,0,0,3373,70394,0,0,69,6,0,0,0,0,0,0,293,0,0,101174,43883
07/14/2018 16:43:12,1100355,0,0,965,612.85,63808,0,361757,0,0,0,0,3392,70470,0,0,85,4,0,0,0,0,0,0,293,0,0,66404,32539
07/14/2018 16:43:13,1013859,0,0,675,1082.29,85770,0,437176,0,18,0,0,3472,70615,0,0,80,5,0,0,0,0,0,0,293,0,0,95189,44972
07/14/2018 16:43:14,1706851,0,0,993,835.7,128959,0,415450,0,0,0,0,3495,70733,0,0,64,5,0,0,0,0,0,0,293,0,0,239758,90459
07/14/2018 16:43:15,1063032,0,0,844,884.32,93217,0,489500,0,0,0,0,3519,70858,0,0,88,5,0,0,0,0,0,0,293,0,0,123030,53844
07/14/2018 16:43:16,1484618,0,0,825,1285.51,85331,0,587097,0,0,0,0,3539,70960,0,0,91,6,0,0,0,0,0,0,293,0,0,121808,45756
07/14/2018 16:43:17,1440069,0,0,359,2000.81,96269,0,400674,0,0,0,0,3553,71058,0,0,60,4,0,0,0,0,0,0,293,0,0,152383,61263
07/14/2018 16:43:18,935489,0,0,717,783.41,78455,0,388244,0,0,0,0,3572,71193,0,0,53,5,0,0,0,0,0,0,293,0,0,98020,45170
07/14/2018 16:43:19,1117987,0,0,1446,460.77,78660,0,406375,0,27,0,0,3712,71302,0,0,72,6,0,0,0,0,0,0,293,0,0,94483,43393
07/14/2018 16:43:20,950711,0,0,701,742.54,85384,0,389652,0,37,0,0,3809,71397,0,0,78,6,0,0,0,0,0,0,293,0,0,100845,47187
07/14/2018 16:43:21,1559310,0,0,474,1741.5,80955,0,436414,0,0,0,0,3823,71503,0,0,64,4,0,0,0,0,0,0,293,0,0,102438,48068
07/14/2018 16:43:22,1517358,0,0,728,1385.89,105769,0,530661,0,19,0,0,3859,71638,0,0,54,6,0,0,0,0,0,0,293,0,0,189927,70491
07/14/2018 16:43:23,1140203,0,0,1055,615.84,76748,0,398308,0,0,0,0,3873,71765,0,0,88,4,0,0,0,0,0,0,293,0,0,97926,42135
07/14/2018 16:43:24,1452096,0,0,1183,664.29,110073,0,404661,0,37,0,0,3965,71869,0,0,115,7,0,0,0,0,0,0,293,0,0,172601,73421
07/14/2018 16:43:25,1223360,0,0,592,1280.37,97539,0,407181,0,19,0,0,3996,71988,0,0,46,4,0,0,0,0,0,0,293,0,0,152022,61067
07/14/2018 16:43:26,1033932,0,0,824,719.5,83828,0,419741,0,0,0,4010,198,72060,0,133,78,5,0,0,0,0,0,0,294,0,0,104492,47267
07/14/2018 16:43:27,1259691,0,0,557,1296.09,93781,0,412186,0,0,0,0,386,72174,0,0,50,4,0,0,0,0,0,0,294,0,0,164212,60209
07/14/2018 16:43:28,1529787,0,0,965,688.47,96011,0,420517,0,0,0,0,526,72281,0,0,49,4,0,0,0,0,0,0,294,0,0,143235,61239
07/14/2018 16:43:29,1373782,0,0,722,1189.23,87736,0,465339,0,0,0,0,644,72368,0,0,97,5,0,0,0,0,0,0,294,0,0,132219,47965
07/14/2018 16:43:30,755637,0,0,1843,262.01,66925,0,348796,0,0,0,0,721,72491,0,0,64,4,0,0,0,0,0,0,294,0,0,81855,36474
07/14/2018 16:43:31,850006,0,0,617,1025.42,76779,0,392528,0,18,0,0,858,72614,0,0,100,6,0,0,0,0,0,0,294,0,0,85533,41401
07/14/2018 16:43:32,1243853,0,0,946,850.13,89923,0,489911,0,0,0,0,906,72722,0,0,79,5,0,0,0,0,0,0,294,0,0,103401,47219
07/14/2018 16:43:33,956857,0,0,792,677.61,91894,0,340084,0,0,0,0,959,72802,0,0,50,5,0,0,0,0,0,0,294,0,0,156005,63467
07/14/2018 16:43:34,1069277,0,0,1732,447.57,92148,0,460580,0,30,0,0,1093,72943,0,0,109,6,0,0,0,0,0,0,294,0,0,105258,49692
07/14/2018 16:43:35,914297,0,0,1439,435.88,82230,0,431512,0,6,0,0,1178,73069,0,0,34,5,0,0,0,0,0,0,294,0,0,103864,47179
07/14/2018 16:43:36,1496714,0,0,1550,503.29,107508,0,427783,0,9,0,0,1285,73159,0,0,75,6,0,0,0,0,0,0,294,0,0,169374,66410
07/14/2018 16:43:37,810368,0,0,654,799.95,72833,0,351331,0,18,0,0,1377,73248,0,0,85,6,0,0,0,0,0,0,294,0,0,85606,40042
07/14/2018 16:43:38,965121,0,0,646,850.3,71300,0,407092,0,0,0,0,1405,73388,0,0,74,4,0,0,0,0,0,0,294,0,0,81598,37364
07/14/2018 16:43:39,1888954,0,0,1244,971.18,90451,0,551286,0,0,0,0,1431,73496,0,0,60,5,0,0,0,0,0,0,294,0,0,119494,46048
07/14/2018 16:43:40,1610892,0,0,1774,490.86,135719,0,401510,0,28,0,0,1535,73627,0,0,101,6,0,0,0,0,0,0,294,0,0,245631,100137
07/14/2018 16:43:41,1112491,0,0,1078,658.45,74495,0,431474,0,0,0,0,1581,73724,0,0,72,5,0,0,0,0,0,0,294,0,0,95796,39355
07/14/2018 16:43:42,1313208,0,0,1860,382.16,105571,0,436690,0,19,0,0,1616,73862,0,0,72,4,0,0,0,0,0,0,294,0,0,151408,69772
07/14/2018 16:43:43,1727360,0,0,1505,586.21,90882,0,404299,0,19,0,0,1288,73966,0,0,79,5,0,0,0,0,0,0,294,0,0,169221,57729
07/14/2018 16:43:44,1165480,0,0,841,788.17,87367,0,434198,0,9,0,0,1372,74062,0,0,74,7,0,0,0,0,0,0,294,0,0,108009,48345
07/14/2018 16:43:45,1334536,0,0,1745,491.94,128761,0,399844,0,18,0,0,1465,74189,0,0,62,6,0,0,0,0,0,0,294,0,0,250160,93598
07/14/2018 16:43:46,958894,0,0,473,1341.05,92173,0,331184,0,0,0,0,1475,74260,0,0,49,3,0,0,0,0,0,0,294,0,0,144274,63915
07/14/2018 16:43:47,1167339,0,0,684,1176.9,90165,0,515656,0,0,0,0,1499,74399,0,0,75,5,0,0,0,0,0,0,294,0,0,108613,48428
07/14/2018 16:43:48,1084929,0,0,1147,659.18,88009,0,448896,0,37,0,0,1585,74503,0,0,85,7,0,0,0,0,0,0,294,0,0,115473,46854
07/14/2018 16:43:49,925323,0,0,783,549.82,79739,0,299565,0,0,0,0,1600,74576,0,0,33,3,0,0,0,0,0,0,294,0,0,133776,54627
07/14/2018 16:43:50,1522715,0,0,1878,414.61,87385,0,418909,0,18,0,0,1692,74658,0,0,69,6,0,0,0,0,0,0,294,0,0,113965,48549
07/14/2018 16:43:51,1288719,0,0,1108,656.47,72012,0,430234,0,38,0,0,1725,74763,0,0,64,5,0,0,0,0,0,0,294,0,0,84669,35339
07/14/2018 16:43:52,1102830,0,0,1160,630.5,90579,0,522160,0,0,0,0,1747,74886,0,0,52,5,0,0,0,0,0,0,294,0,0,120575,49921
07/14/2018 16:43:53,1181717,0,0,1385,471.32,96844,0,335809,0,0,0,0,1765,75014,0,0,90,5,0,0,0,0,0,0,294,0,0,150443,61291
07/14/2018 16:43:54,1107638,0,0,475,1521.25,83019,0,452204,0,9,0,0,1841,75081,0,0,66,5,0,0,0,0,0,0,294,1,0,100627,47140
07/14/2018 16:43:55,1339057,0,0,531,1366.63,104878,0,423691,0,9,0,0,1926,75206,0,0,95,5,0,0,0,0,0,0,294,0,0,162747,67574
07/14/2018 16:43:56,1277575,0,0,1065,796.07,109178,0,438425,0,19,0,0,1959,75330,0,0,105,5,0,0,0,0,0,0,294,0,0,174058,72278
07/14/2018 16:43:57,932252,0,0,834,683.18,93558,0,397849,0,0,0,0,1980,75460,0,0,75,6,0,0,0,0,0,0,294,0,0,117699,56336
07/14/2018 16:43:58,1044024,0,0,555,1299.68,74776,0,452052,0,0,0,0,2002,75546,0,0,103,5,0,0,0,0,0,0,294,0,0,94844,38529
07/14/2018 16:43:59,894934,0,0,594,966.93,77423,0,405780,0,0,0,0,2016,75635,0,0,59,3,0,0,0,0,0,0,294,0,0,91469,43405
07/14/2018 16:44:00,1164412,0,0,903,744.53,73999,0,418183,0,0,0,0,2041,75753,0,0,54,5,0,0,0,0,0,0,294,0,0,86132,38073
07/14/2018 16:44:01,1453520,0,0,1217,596.18,96217,0,426360,0,0,0,0,2060,75847,0,0,72,5,0,0,0,0,0,0,294,0,0,163920,60587
07/14/2018 16:44:02,1043084,0,0,2346,296.44,87551,0,436113,0,18,0,0,2141,75965,0,0,68,6,0,0,0,0,0,0,294,0,0,108469,52441
07/14/2018 16:44:03,1257645,0,0,1517,442.11,81490,0,413632,0,19,0,0,2190,76097,0,0,88,5,0,0,0,0,0,0,294,0,0,92932,43268
07/14/2018 16:44:04,1497863,0,0,1291,582.8,83158,0,482616,0,0,0,0,2209,76222,0,0,71,5,0,0,0,0,0,0,294,0,0,119258,42761
07/14/2018 16:44:05,1137506,0,0,1285,525.68,98679,0,404443,0,19,0,0,2237,76317,0,0,73,5,0,0,0,0,0,0,294,0,0,141517,64110
07/14/2018 16:44:06,1430136,0,0,1132,723.6,129467,0,412886,0,19,0,0,2281,76422,0,0,101,6,0,0,0,0,0,0,294,0,0,247796,92151
07/14/2018 16:44:07,1243673,0,0,696,1131.69,81092,0,434118,0,9,0,0,2363,76540,0,0,83,5,0,0,0,0,0,0,294,0,0,93131,44663
07/14/2018 16:44:08,1305903,0,0,1922,409.35,75338,0,477974,0,0,0,0,2387,76679,0,0,79,4,0,0,0,0,0,0,294,0,0,92261,37738
07/14/2018 16:44:09,1475994,0,0,1651,560.24,96255,0,476918,0,19,0,0,2475,76836,0,0,121,6,0,0,0,0,0,0,294,0,0,112843,54083
07/14/2018 16:44:10,895850,0,0,697,658.46,71219,0,314848,0,38,0,0,2512,76925,0,0,92,6,0,0,0,0,0,0,294,0,0,91738,39700
07/14/2018 16:44:11,1082835,0,0,1538,376.44,90495,0,327530,0,18,0,0,2595,77024,0,0,78,4,0,0,0,0,0,0,294,0,0,145978,53505
07/14/2018 16:44:12,1017341,0,0,846,742.19,85143,0,422205,0,19,0,0,2628,77135,0,0,96,5,0,0,0,0,0,0,294,0,0,93486,43808
07/14/2018 16:44:13,937315,0,0,1068,536.95,72037,0,396248,0,0,0,0,2644,77214,0,0,83,5,0,0,0,0,0,0,294,0,0,93346,39626
07/14/2018 16:44:14,1171045,0,0,832,916.57,110971,0,475421,0,18,0,0,2731,77331,0,0,63,6,0,0,0,0,0,0,294,0,0,187970,70986
07/14/2018 16:44:15,1026875,0,0,522,1277.56,82656,0,445364,0,0,0,0,2751,77430,0,0,81,5,0,0,0,0,0,0,294,0,0,97990,46999
07/14/2018 16:44:16,1406944,0,0,484,1835.78,100410,0,446549,0,0,0,0,2766,77547,0,0,71,4,0,0,0,0,0,0,294,0,0,161379,66365
07/14/2018 16:44:17,1384243,0,0,1351,590.45,106505,0,471142,0,19,0,0,2799,77691,0,0,89,6,0,0,0,0,0,0,294,0,0,175298,67379
07/14/2018 16:44:18,1052540,0,0,2477,220.92,78434,0,385524,0,9,0,0,2879,77785,0,0,78,5,0,0,0,0,0,0,294,0,0,94282,47115
07/14/2018 16:44:19,1087218,0,0,1230,612.23,90828,0,419483,0,0,0,0,2897,77907,0,0,74,5,0,0,0,0,0,0,294,0,0,116240,54802
07/14/2018 16:44:20,916290,0,0,330,1518.42,51192,0,335782,0,0,0,0,2912,77995,0,0,43,3,0,0,0,0,0,0,294,0,0,54063,21685
07/14/2018 16:44:21,1485776,0,0,2000,433.36,116066,0,471459,0,18,0,0,2992,78079,0,0,52,5,0,0,0,0,0,0,294,0,0,187579,76920
07/14/2018 16:44:22,1259498,0,0,1117,723.22,82835,0,421550,0,0,0,0,3014,78221,0,0,57,5,0,0,0,0,0,0,294,0,0,106905,46659
07/14/2018 16:44:23,1501366,0,0,1304,621.23,106834,0,479546,0,19,0,0,3067,78377,0,0,94,6,0,0,0,0,0,0,294,0,0,167983,65126
07/14/2018 16:44:24,1535331,0,0,737,1093.31,98913,0,406980,0,27,0,0,3206,78494,0,0,74,6,0,0,0,0,0,0,294,0,0,149972,61640
07/14/2018 16:44:25,1112560,0,0,792,699.42,90538,0,410354,0,28,0,0,3296,78594,0,0,68,6,0,0,0,0,0,0,294,0,0,116039,53848
07/14/2018 16:44:26,1111958,0,0,1009,736.78,103089,0,407127,0,0,0,0,3329,78698,0,0,71,4,0,0,0,0,0,0,294,0,0,166839,66423
07/14/2018 16:44:27,1170918,0,0,1500,419.51,96732,0,392290,0,19,0,0,3359,78790,0,0,51,6,0,0,0,0,0,0,294,0,0,160872,62619
07/14/2018 16:44:28,968732,0,0,1691,391.85,81508,0,398747,0,0,0,0,3376,78893,0,0,57,4,0,0,0,0,0,0,294,0,0,101528,47784
07/14/2018 16:44:29,1358705,0,0,1472,495.92,103176,0,409554,0,9,0,0,3462,79051,0,0,90,5,0,0,0,0,0,0,294,0,0,138411,62874
07/14/2018 16:44:30,1278002,0,0,1271,621.2,100940,0,430039,0,0,0,0,3481,79134,0,0,38,4,0,0,0,0,0,0,294,0,0,175920,64934
07/14/2018 16:44:31,1138973,0,0,902,766.92,104739,0,464759,0,0,0,0,3503,79280,0,0,86,6,0,0,0,0,0,0,294,0,0,131135,61382
07/14/2018 16:44:32,966841,0,0,686,901.99,59680,0,364815,0,37,0,0,3591,79351,0,0,55,6,0,0,0,0,0,0,294,0,0,69053,27410
07/14/2018 16:44:33,864820,0,0,1185,406.58,68930,0,324614,0,18,0,0,3672,79471,0,0,75,5,0,0,0,0,0,0,294,0,0,75660,35065
07/14/2018 16:44:34,1069395,0,0,745,957.13,102355,0,362275,0,0,0,0,3695,79589,0,0,91,4,0,0,0,0,0,0,294,0,0,179764,68417
07/14/2018 16:44:35,1098602,0,0,1355,504.2,76075,0,429063,0,0,0,0,3707,79692,0,0,98,5,0,0,0,0,0,0,294,0,0,91323,37967
07/14/2018 16:44:36,1219865,0,0,875,934.68,81666,0,468739,0,0,0,0,3729,79790,0,0,57,5,0,0,0,0,0,0,294,0,0,101478,43441
07/14/2018 16:44:37,1062925,0,0,1284,428.29,71156,0,338504,0,0,0,0,3745,79933,0,0,56,4,0,0,0,0,0,0,294,0,0,101794,37935
07/14/2018 16:44:38,1470912,0,0,1671,576.16,129454,0,418168,0,0,0,0,3763,80038,0,0,29,4,0,0,0,0,0,0,294,0,0,211392,92336
07/14/2018 16:44:39,1800343,0,0,1455,581.88,106752,0,480924,0,0,0,0,3788,80180,0,0,85,6,0,0,0,0,0,0,294,0,0,175884,67170
07/14/2018 16:44:40,1099182,0,0,548,1258.28,89920,0,426403,0,0,0,0,3808,80282,0,0,73,5,0,0,0,0,0,0,294,0,0,108942,53666
07/14/2018 16:44:41,1340953,0,0,1065,723.92,77430,0,396813,0,0,0,0,3825,80394,0,0,50,4,0,0,0,0,0,0,294,0,0,98153,43850
07/14/2018 16:44:42,1659516,0,0,740,1038.83,99695,0,443819,0,18,0,0,3945,80474,0,0,61,6,0,0,0,0,0,0,294,0,0,153500,61974
07/14/2018 16:44:43,875635,0,0,1157,427.1,78505,0,354471,0,18,0,0,4036,80585,0,0,84,5,0,0,0,0,0,0,294,0,0,93310,46441
07/14/2018 16:44:44,1091590,0,0,1593,438.08,85919,0,460549,0,18,0,0,4119,80697,0,0,70,6,0,0,0,0,0,0,294,0,0,109705,48325
07/14/2018 16:44:45,997591,0,0,965,658.35,73793,0,431426,0,19,0,0,4147,80808,0,0,75,6,0,0,0,0,0,0,294,0,0,83723,36919
07/14/2018 16:44:46,1103116,0,0,1307,515.68,93604,0,369872,0,18,0,4159,309,80920,0,138,88,4,0,0,0,0,0,0,295,0,0,143196,59113
07/14/2018 16:44:47,1154162,0,0,942,582.7,91468,0,386070,0,19,0,0,558,81031,0,0,50,5,0,0,0,0,0,0,295,0,0,112051,56662
07/14/2018 16:44:48,1145720,0,0,913,756.36,78061,0,443210,0,19,0,0,667,81133,0,0,71,6,0,0,0,0,0,0,295,0,0,98223,39967
07/14/2018 16:44:49,1179837,0,0,464,1458.86,82896,0,449818,0,0,0,0,732,81289,0,0,76,4,0,0,0,0,0,0,295,0,0,95838,47037
07/14/2018 16:44:50,1013878,0,0,701,900.97,82508,0,429663,0,37,0,0,884,81386,0,0,86,6,0,0,0,0,0,0,295,0,0,103762,42431
07/14/2018 16:44:51,1000199,0,0,645,1152.67,77778,0,412853,0,0,0,0,924,81493,0,0,65,4,0,0,0,0,0,0,295,0,0,100292,45310
07/14/2018 16:44:52,1301300,0,0,606,1136.46,100247,0,434709,0,0,0,0,976,81578,0,0,69,6,0,0,0,0,0,0,295,0,0,164199,65639
07/14/2018 16:44:53,1190329,0,0,847,926.47,90285,0,454626,0,0,0,0,1012,81712,0,0,75,5,0,0,0,0,0,0,295,0,0,120905,49577
07/14/2018 16:44:54,937669,0,0,1577,322.54,58781,0,343339,0,0,0,0,1039,81796,0,0,72,4,0,0,0,0,0,0,295,0,0,61379,27383
07/14/2018 16:44:55,1212764,0,0,1261,481.74,70749,0,386473,0,0,0,0,1057,81892,0,0,54,3,0,0,0,0,0,0,295,0,0,79605,36779
07/14/2018 16:44:56,1638358,0,0,1799,502.57,143835,0,435967,0,18,0,0,1163,82018,0,0,104,7,0,0,0,0,0,0,295,0,0,278390,102630
07/14/2018 16:44:57,1221041,0,0,1741,494,80769,0,491630,0,19,0,0,1196,82165,0,0,85,5,0,0,0,0,0,0,295,0,0,102472,41024
07/14/2018 16:44:58,1160695,0,0,480,1517.81,91844,0,393276,0,0,0,0,1220,82251,0,0,47,5,0,0,0,0,0,0,295,0,0,152836,59100
07/14/2018 16:44:59,1339610,0,0,879,794.59,102540,0,350762,0,18,0,0,1311,82379,0,0,103,5,0,0,0,0,0,0,295,0,0,156060,66187
07/14/2018 16:45:00,1284318,0,0,1739,445.69,86538,0,498268,0,18,0,0,1406,82508,0,0,57,6,0,0,0,0,0,0,295,0,0,104406,45374
07/14/2018 16:45:01,1214916,0,0,549,1346.66,77926,0,439078,0,19,0,0,1435,82592,0,0,38,5,0,0,0,0,0,0,295,0,0,93737,43315
07/14/2018 16:45:02,1324662,0,0,566,1498.55,101952,0,429600,0,18,0,0,1526,82719,0,0,45,5,0,0,0,0,0,0,295,0,0,170656,69193
07/14/2018 16:45:03,1545035,0,0,507,1536.99,102731,0,435524,0,0,0,0,1548,82803,0,0,72,6,0,0,0,0,0,0,295,0,0,167186,68390
07/14/2018 16:45:04,1375372,0,0,1190,536.15,84848,0,428398,0,18,0,0,1640,82906,0,0,64,5,0,0,0,0,0,0,295,0,0,105929,44404
07/14/2018 16:45:05,745829,0,0,1196,401.82,77935,0,367789,0,19,0,0,1695,83042,0,0,87,6,0,0,0,0,0,0,295,0,0,95171,43459
07/14/2018 16:45:06,1280772,0,0,978,898.16,90413,0,485860,0,56,0,0,1774,83151,0,0,127,6,0,0,0,0,0,0,295,0,0,108342,48487
07/14/2018 16:45:07,1266305,0,0,731,965.12,92354,0,387994,0,19,0,0,1803,83236,0,0,70,5,0,0,0,0,0,0,295,0,0,144374,58915
07/14/2018 16:45:08,1333336,0,0,1479,546.15,112208,0,461066,0,0,0,0,1821,83354,0,0,52,5,0,0,0,0,0,0,295,0,0,178612,68686
07/14/2018 16:45:09,1254081,0,0,796,934.75,112360,0,429404,0,56,0,0,1930,83475,0,0,122,7,0,0,0,0,0,0,295,0,0,178992,73481
07/14/2018 16:45:10,1057528,0,0,879,658.72,85913,0,398571,0,0,0,0,1951,83565,0,0,64,5,0,0,0,0,0,0,295,0,0,109432,51053
07/14/2018 16:45:11,896099,0,0,510,1143.05,66889,0,354646,0,0,0,0,1971,83697,0,0,68,4,0,0,0,0,0,0,295,0,0,73726,37377
07/14/2018 16:45:12,898548,0,0,770,782.94,80013,0,426313,0,0,0,0,1993,83799,0,0,69,5,0,0,0,0,0,0,295,0,0,104605,42256
07/14/2018 16:45:13,1241800,0,0,611,1162.37,106818,0,373819,0,0,0,0,2014,83880,0,0,54,5,0,0,0,0,0,0,295,0,0,177583,74283
07/14/2018 16:45:14,1324999,0,0,688,1185.65,125707,0,381247,0,19,0,0,2037,84036,0,0,77,4,0,0,0,0,0,0,295,1,0,216119,91700
07/14/2018 16:45:15,1115585,0,0,1076,644.95,76252,0,426421,0,18,0,0,2121,84105,0,0,52,5,0,0,0,0,0,0,295,0,0,109499,40839
07/14/2018 16:45:16,1428124,0,0,706,1136.6,102100,0,427943,0,0,0,0,2140,84205,0,0,45,4,0,0,0,0,0,0,295,0,0,174406,67606
07/14/2018 16:45:17,1217018,0,0,1462,510.27,84531,0,509110,0,0,0,0,2157,84285,0,0,60,5,0,0,0,0,0,0,295,0,0,115946,46405
07/14/2018 16:45:18,1398333,0,0,620,1270.32,97271,0,399927,0,9,0,0,2240,84400,0,0,73,5,0,0,0,0,0,0,295,0,0,173415,62160
07/14/2018 16:45:19,938446,0,0,581,1027.53,76317,0,388115,0,19,0,0,2283,84529,0,0,74,5,0,0,0,0,0,0,295,0,0,84911,41404
07/14/2018 16:45:20,1172460,0,0,1014,705.53,87069,0,380420,0,0,0,0,2300,84623,0,0,40,4,0,0,0,0,0,0,295,0,0,143005,57355
07/14/2018 16:45:21,890996,0,0,1177,514.29,91523,0,401271,0,18,0,0,2383,84730,0,0,82,6,0,0,0,0,0,0,295,0,0,110174,51429
07/14/2018 16:45:22,1384251,0,0,606,1204.29,81476,0,476833,0,0,0,0,2400,84861,0,0,60,6,0,0,0,0,0,0,295,0,0,102736,45830
07/14/2018 16:45:23,1531369,0,0,810,1076.72,103630,0,434623,0,0,0,0,2414,84985,0,0,55,4,0,0,0,0,0,0,295,0,0,158512,67017
07/14/2018 16:45:24,1343347,0,0,712,1064.81,105541,0,446292,0,18,0,0,2488,85124,0,0,76,6,0,0,0,0,0,0,295,0,0,165023,66727
07/14/2018 16:45:25,1238526,0,0,618,1368.95,86594,0,501331,0,0,0,0,2506,85243,0,0,63,5,0,0,0,0,0,0,295,0,0,119058,48558
07/14/2018 16:45:26,1082981,0,0,1079,606.97,87688,0,451929,0,0,0,0,2525,85346,0,0,101,5,0,0,0,0,0,0,295,0,0,110664,46824
07/14/2018 16:45:27,1014403,0,0,793,765.4,80983,0,430890,0,36,0,0,2678,85483,0,0,76,6,0,0,0,0,0,0,295,0,0,93507,40559
07/14/2018 16:45:28,1238175,0,0,839,792.86,84181,0,384888,0,18,0,0,2758,85593,0,0,97,6,0,0,0,0,0,0,295,0,0,86215,44150
07/14/2018 16:45:29,1430363,0,0,771,943.1,76629,0,460207,0,1,0,0,2786,85701,0,0,48,4,0,0,0,0,0,0,295,0,0,85411,37188
07/14/2018 16:45:30,1037913,0,0,1343,474.87,73787,0,393008,0,18,0,0,2807,85823,0,0,69,5,0,0,0,0,0,0,295,0,0,94995,40829
07/14/2018 16:45:31,1208924,0,0,1584,377.19,83958,0,405477,0,0,0,0,2830,85951,0,0,44,5,0,0,0,0,0,0,295,0,0,97494,49058
07/14/2018 16:45:32,1302758,0,0,1851,377.76,84714,0,435315,0,37,0,0,2919,86053,0,0,100,6,0,0,0,0,0,0,295,0,0,97902,42948
07/14/2018 16:45:33,784554,0,0,2021,266.69,73166,0,336241,0,0,0,0,2934,86158,0,0,78,5,0,0,0,0,0,0,295,0,0,91604,40780
07/14/2018 16:45:34,1106928,0,0,1605,387.32,86249,0,405968,0,0,0,0,2956,86290,0,0,65,5,0,0,0,0,0,0,295,0,0,106585,47378
07/14/2018 16:45:35,1186065,0,0,386,2262.64,93310,0,431289,0,0,0,0,2976,86402,0,0,67,4,0,0,0,0,0,0,295,0,0,155817,60274
07/14/2018 16:45:36,1397045,0,0,686,1273.48,102083,0,422290,0,0,0,0,2991,86498,0,0,90,4,0,0,0,0,0,0,295,0,0,183362,71242
07/14/2018 16:45:37,1326567,0,0,1667,475.95,103226,0,419486,0,19,0,0,3019,86582,0,0,117,6,0,0,0,0,0,0,295,0,0,158893,63806
07/14/2018 16:45:38,861182,0,0,779,634.23,75064,0,356685,0,0,0,0,3035,86682,0,0,59,5,0,0,0,0,0,0,295,0,0,105508,45480
07/14/2018 16:45:39,1145324,0,0,894,631.67,74369,0,391603,0,0,0,0,3052,86762,0,0,74,5,0,0,0,0,0,0,295,0,0,92663,41749
07/14/2018 16:45:40,1117849,0,0,1322,426.04,69297,0,377378,0,37,0,0,3142,86872,0,0,92,5,0,0,0,0,0,0,295,0,0,79655,34507
07/14/2018 16:45:41,1245638,0,0,1042,616.43,80417,0,375467,0,36,0,0,3290,86967,0,0,85,6,0,0,0,0,0,0,295,0,0,98917,43106
07/14/2018 16:45:42,1240816,0,0,864,846.59,106844,0,475835,0,1,0,0,3313,87076,0,0,71,5,0,0,0,0,0,0,295,0,0,172184,68701
07/14/2018 16:45:43,1469649,0,0,1017,918.45,137650,0,465057,0,0,0,0,3326,87247,0,0,72,5,0,0,0,0,0,0,295,0,0,223172,95087
07/14/2018 16:45:44,1109377,0,0,950,765.35,79531,0,438425,0,0,0,0,3356,87333,0,0,60,5,0,0,0,0,0,0,295,0,0,120715,45093
07/14/2018 16:45:45,1435237,0,0,466,1661.79,95738,0,381162,0,0,0,0,3370,87449,0,0,57,3,0,0,0,0,0,0,295,0,0,148984,62293
07/14/2018 16:45:46,1565748,0,0,1307,754.51,114979,0,518813,0,0,0,0,3391,87594,0,0,79,5,0,0,0,0,0,0,295,0,0,173225,76446
07/14/2018 16:45:47,1235163,0,0,817,848.05,84890,0,433618,0,27,0,0,3530,87672,0,0,96,7,0,0,0,0,0,0,295,0,0,124403,45823
07/14/2018 16:45:48,1102355,0,0,534,1407.1,94423,0,385735,0,0,0,0,3554,87772,0,0,52,5,0,0,0,0,0,0,295,0,0,149023,58284
07/14/2018 16:45:49,1619308,0,0,934,867.23,108288,0,428851,0,0,0,0,3588,87881,0,0,93,5,0,0,0,0,0,0,295,0,0,179014,71903
07/14/2018 16:45:50,1454574,0,0,1082,755.21,88042,0,459581,0,37,0,0,3328,88025,0,0,97,6,0,0,0,0,0,0,295,0,0,98517,45753
07/14/2018 16:45:51,1215047,0,0,1750,461.03,82657,0,492180,0,19,0,0,3361,88146,0,0,95,6,0,0,0,0,0,0,295,0,0,103303,42681
07/14/2018 16:45:52,921235,0,0,507,1047.68,82190,0,393971,0,0,0,0,3372,88260,0,0,65,4,0,0,0,0,0,0,295,0,0,99578,49551
07/14/2018 16:45:53,1063741,0,0,1255,506.76,66909,0,350352,0,37,0,0,3465,88347,0,0,58,6,0,0,0,0,0,0,295,0,0,68034,31578
07/14/2018 16:45:54,1315150,0,0,1048,831.15,101024,0,399449,0,27,0,0,3616,88449,0,0,96,5,0,0,0,0,0,0,295,0,0,167535,64328
07/14/2018 16:45:55,1210565,0,0,616,1042.72,104508,0,380100,0,0,0,0,3633,88524,0,0,73,5,0,0,0,0,0,0,295,0,0,173871,70848
07/14/2018 16:45:56,1107630,0,0,1309,547.27,79855,0,412536,0,0,0,0,3649,88671,0,0,88,5,0,0,0,0,0,0,295,0,0,87994,40713
07/14/2018 16:45:57,1753270,0,0,1073,1132.43,114610,0,600800,0,0,0,0,3676,88805,0,0,98,6,0,0,0,0,0,0,295,0,0,198003,72312
07/14/2018 16:45:58,1081820,0,0,641,995.27,77093,0,381909,0,19,0,0,3704,88909,0,0,79,4,0,0,0,0,0,0,295,0,0,86913,44939
07/14/2018 16:45:59,1094017,0,0,1277,561.34,75479,0,407647,0,0,0,0,3721,89013,0,0,66,5,0,0,0,0,0,0,295,0,0,109133,40188
07/14/2018 16:46:00,1382160,0,0,962,836.71,108214,0,376263,0,19,0,0,3747,89144,0,0,78,5,0,0,0,0,0,0,295,0,0,162257,70624
07/14/2018 16:46:01,1253286,0,0,588,983.86,105454,0,241032,0,0,0,0,3764,89210,0,0,48,4,0,0,0,0,0,0,295,0,0,215929,80897
07/14/2018 16:46:02,623571,0,0,1243,340.83,62868,0,309528,0,0,0,0,3776,89288,0,0,53,4,0,0,0,0,0,0,295,0,0,82798,31819
07/14/2018 16:46:03,1425261,0,0,903,1011.52,92198,0,520867,0,28,0,0,3868,89433,0,0,132,6,0,0,0,0,0,0,295,0,0,108917,47040
07/14/2018 16:46:04,1419312,0,0,1679,416.48,76564,0,456816,0,0,0,0,3884,89550,0,0,63,4,0,0,0,0,0,0,295,0,0,90569,39648
07/14/2018 16:46:05,1444601,0,0,733,1273.26,80178,0,479498,0,19,0,0,3916,89688,0,0,83,6,0,0,0,0,0,0,295,0,0,96038,42671
07/14/2018 16:46:06,1204572,0,0,901,902.43,102519,0,486445,0,9,0,4004,138,89813,0,133,79,6,0,0,0,0,0,0,296,0,0,133983,60107
07/14/2018 16:46:07,1552860,0,0,519,1587.01,121379,0,388776,0,0,0,0,365,89930,0,0,31,4,0,0,0,0,0,0,296,0,0,234983,91241
07/14/2018 16:46:08,871933,0,0,558,1149.26,76914,0,428420,0,19,0,0,485,89992,0,0,78,6,0,0,0,0,0,0,296,0,0,89675,39319
07/14/2018 16:46:09,1095348,0,0,526,1231.28,77365,0,406490,0,19,0,0,557,90105,0,0,75,5,0,0,0,0,0,0,296,0,0,92844,44045
07/14/2018 16:46:10,1192377,0,0,505,1437.07,95824,0,430829,0,19,0,0,617,90193,0,0,61,4,0,0,0,0,0,0,296,0,0,151120,58988
07/14/2018 16:46:11,1044200,0,0,856,741.6,92717,0,444111,0,18,0,0,737,90316,0,0,89,6,0,0,0,0,0,0,296,0,0,115869,56110
07/14/2018 16:46:12,1514088,0,0,1198,634.44,87298,0,483805,0,18,0,0,837,90460,0,0,83,5,0,0,0,0,0,0,296,0,0,101102,45587
07/14/2018 16:46:13,1228566,0,0,1096,658.68,66559,0,413327,0,19,0,0,885,90552,0,0,66,6,0,0,0,0,0,0,296,0,0,83834,33378
07/14/2018 16:46:14,1150051,0,0,1253,512.59,95231,0,467753,0,9,0,0,981,90686,0,0,81,6,0,0,0,0,0,0,296,0,0,121647,54479
07/14/2018 16:46:15,819841,0,0,402,1228.52,94494,0,339346,0,0,0,0,1006,90805,0,0,67,4,0,0,0,0,0,0,296,0,0,129681,62717
07/14/2018 16:46:16,1537836,0,0,1178,746.24,94204,0,469559,0,19,0,0,1036,90919,0,0,96,5,0,0,0,0,0,0,296,0,0,132043,51332
07/14/2018 16:46:17,945443,0,0,1850,259.62,58185,0,343481,0,19,0,0,1061,91020,0,0,47,5,0,0,0,0,0,0,296,0,0,67579,27277
07/14/2018 16:46:18,881428,0,0,511,1398.45,76972,0,323014,0,9,0,0,1136,91121,0,0,67,4,0,0,0,0,0,0,296,0,0,86494,44043
07/14/2018 16:46:19,1281677,0,0,573,1309.21,94791,0,443036,0,19,0,0,1169,91231,0,0,62,5,0,0,0,0,0,0,296,0,0,152884,57386
07/14/2018 16:46:20,1240804,0,0,1407,492.64,93027,0,465588,0,18,0,0,1261,91367,0,0,95,6,0,0,0,0,0,0,296,0,0,110920,50857
07/14/2018 16:46:21,1359956,0,0,1088,847.28,109299,0,490186,0,0,0,0,1288,91513,0,0,87,5,0,0,0,0,0,0,296,0,0,177785,69803
07/14/2018 16:46:22,1285951,0,0,1052,779.18,117079,0,440452,0,0,0,0,1313,91634,0,0,73,6,0,0,0,0,0,0,296,0,0,192737,75417
07/14/2018 16:46:23,748147,0,0,945,452.3,65814,0,288166,0,18,0,0,1395,91700,0,0,60,4,0,0,0,0,0,0,296,0,0,79941,36036
07/14/2018 16:46:24,1176592,0,0,627,1349.35,70488,0,445352,0,0,0,0,1411,91808,0,0,44,5,0,0,0,0,0,0,296,0,0,106619,39002
07/14/2018 16:46:25,1385970,0,0,907,711.44,77207,0,393043,0,0,0,0,1431,91906,0,0,84,5,0,0,0,0,0,0,296,0,0,98821,43973
07/14/2018 16:46:26,1090402,0,0,697,1047.99,65390,0,394574,0,0,0,0,1449,92016,0,0,67,4,0,0,0,0,0,0,296,0,0,64864,28937
07/14/2018 16:46:27,1653548,0,0,588,1759.14,133152,0,486641,0,0,0,0,1469,92146,0,0,41,4,0,0,0,0,0,0,296,0,0,250722,96005
07/14/2018 16:46:28,1550452,0,0,810,1053.9,124479,0,444672,0,0,0,0,1494,92299,0,0,67,6,0,0,0,0,0,0,296,0,0,210393,86670
07/14/2018 16:46:29,1350011,0,0,868,906.65,88228,0,463478,0,0,0,0,1516,92389,0,0,96,5,0,0,0,0,0,0,296,0,0,128748,47036
07/14/2018 16:46:30,976273,0,0,1553,379.13,83148,0,421872,0,18,0,0,1604,92493,0,0,81,6,0,0,0,0,0,0,296,0,0,98683,45250
07/14/2018 16:46:31,875073,0,0,859,666.48,81203,0,384064,0,0,0,0,1624,92597,0,0,64,5,0,0,0,0,0,0,296,0,0,97021,47352
07/14/2018 16:46:32,1520146,0,0,670,1408.74,102434,0,483223,0,28,0,0,1674,92728,0,0,71,5,0,0,0,0,0,0,296,0,0,170880,63336
07/14/2018 16:46:33,1184955,0,0,705,925.53,88457,0,447770,0,0,0,0,1753,92851,0,0,47,6,0,0,0,0,0,0,296,0,0,112220,53039
07/14/2018 16:46:34,982798,0,0,479,1326.35,74438,0,395028,0,18,0,0,1827,92953,0,0,109,5,0,0,0,0,0,0,296,0,0,81921,40168
07/14/2018 16:46:35,1644070,0,0,493,1733.53,127999,0,402836,0,18,0,0,1912,93061,0,0,69,6,0,0,0,0,0,0,296,0,0,245063,94318
07/14/2018 16:46:36,1108738,0,0,601,1095.54,74194,0,439964,0,0,0,0,1938,93179,0,0,55,4,0,0,0,0,0,0,296,0,0,93281,39913
07/14/2018 16:46:37,1066394,0,0,651,1043.31,106918,0,371056,0,0,0,0,1956,93250,0,0,47,4,0,0,0,0,0,0,296,0,0,174681,73493
07/14/2018 16:46:38,1195407,0,0,1446,471.88,81841,0,421957,0,18,0,0,2043,93364,0,0,72,7,0,0,0,0,0,0,296,0,0,105740,43415
07/14/2018 16:46:39,905478,0,0,656,828.81,78285,0,408301,0,0,0,0,2055,93475,0,0,47,4,0,0,0,0,0,0,296,0,0,93180,46655
07/14/2018 16:46:40,1032045,0,0,569,1195.94,78579,0,407625,0,0,0,0,2079,93590,0,0,83,4,0,0,0,0,0,0,296,0,0,92656,40465
07/14/2018 16:46:41,1389156,0,0,1488,607.6,133149,0,429491,0,18,0,0,2170,93717,0,0,76,6,0,0,0,0,0,0,296,0,0,250901,94668
07/14/2018 16:46:42,1090020,0,0,1376,404.83,78453,0,427378,0,36,0,0,2324,93818,0,0,80,6,0,0,0,0,0,0,296,0,0,89836,42078
07/14/2018 16:46:43,1537007,0,0,508,2241.55,113291,0,534132,0,19,0,0,2344,93903,0,0,62,5,0,0,0,0,0,0,296,0,0,181999,71401
07/14/2018 16:46:44,809301,0,0,763,602.65,77232,0,359188,0,0,0,0,2360,93993,0,0,80,4,0,0,0,0,0,0,296,0,0,95897,43271
07/14/2018 16:46:45,1127261,0,0,509,1227.92,77851,0,318258,0,0,0,0,2376,94074,0,0,75,3,0,0,0,0,0,0,296,0,0,135336,49125
07/14/2018 16:46:46,1326955,0,0,1521,587.29,107251,0,379167,0,19,0,0,2402,94206,0,0,93,6,0,0,0,0,0,0,296,0,0,170745,68434
07/14/2018 16:46:47,1011488,0,0,612,1064.16,84722,0,383777,0,19,0,0,2427,94280,0,0,72,5,0,0,0,0,0,0,296,0,0,109610,47091
07/14/2018 16:46:48,1220134,0,0,959,830.89,99712,0,462354,0,0,0,0,2440,94399,0,0,67,5,0,0,0,0,0,0,296,0,0,161771,62421
07/14/2018 16:46:49,1276687,0,0,890,920.79,79153,0,430145,0,0,0,0,2461,94510,0,0,30,4,0,0,0,0,0,0,296,0,0,96144,44706
07/14/2018 16:46:50,1205394,0,0,2154,300.08,83207,0,443387,0,0,0,0,2480,94633,0,0,76,6,0,0,0,0,0,0,296,0,0,101177,47427
07/14/2018 16:46:51,917952,0,0,1258,529.27,63400,0,344846,0,18,0,0,2564,94735,0,0,58,5,0,0,0,0,0,0,296,0,0,69721,31048
07/14/2018 16:46:52,1565834,0,0,921,710.84,111240,0,404915,0,19,0,0,2590,94872,0,0,50,5,0,0,0,0,0,0,296,0,0,160118,74302
07/14/2018 16:46:53,1185070,0,0,751,882.58,65780,0,353632,0,0,0,0,2632,94973,0,0,57,4,0,0,0,0,0,0,296,0,0,84365,33557
07/14/2018 16:46:54,1528217,0,0,965,770.72,86300,0,463174,0,36,0,0,2778,95083,0,0,122,7,0,0,0,0,0,0,296,0,0,95357,40901
07/14/2018 16:46:55,1594404,0,0,951,921.86,114248,0,452992,0,19,0,0,2808,95211,0,0,41,5,0,0,0,0,0,0,296,0,0,181662,79179
07/14/2018 16:46:56,1350028,0,0,891,983.92,92087,0,518207,0,18,0,0,2892,95354,0,0,79,7,0,0,0,0,0,0,296,0,0,118865,47413
07/14/2018 16:46:57,1309635,0,0,601,1114.35,82941,0,476355,0,18,0,0,2983,95459,0,0,83,6,0,0,0,0,0,0,296,0,0,98750,42083
07/14/2018 16:46:58,971157,0,0,648,734.81,75589,0,330898,0,19,0,0,3007,95562,0,0,69,4,0,0,0,0,0,0,296,0,0,87738,46917
07/14/2018 16:46:59,1195978,0,0,552,1359.28,81663,0,412361,0,0,0,0,3023,95671,0,0,69,5,0,0,0,0,0,0,296,0,0,104587,47451
07/14/2018 16:47:00,1334170,0,0,896,860.75,71973,0,463643,0,0,0,0,3042,95804,0,0,59,5,0,0,0,0,0,0,296,0,0,91263,34116
07/14/2018 16:47:01,1017959,0,0,735,844.81,107938,0,365641,0,19,0,0,3063,95897,0,0,68,5,0,0,0,0,0,0,296,0,0,172909,74205
07/14/2018 16:47:02,1331860,0,0,677,1379.91,95007,0,540559,0,0,0,0,3085,96003,0,0,49,5,0,0,0,0,0,0,296,0,0,119427,52123
07/14/2018 16:47:03,1135275,0,0,529,1161.33,75407,0,444875,0,0,0,0,3109,96114,0,0,46,5,0,0,0,0,0,0,296,0,0,96644,40959
07/14/2018 16:47:04,1357127,0,0,494,1634.05,98355,0,414276,0,18,0,0,3187,96267,0,0,63,5,0,0,0,0,0,0,296,0,0,153685,66395
07/14/2018 16:47:05,1426798,0,0,703,1506.26,87139,0,428338,0,19,0,0,3219,96326,0,0,79,6,0,0,0,0,0,0,296,0,0,127970,48775
07/14/2018 16:47:06,552355,0,0,735,434.03,55438,0,239767,0,0,0,0,3228,96379,0,0,54,3,0,0,0,0,0,0,296,0,0,70851,30210
07/14/2018 16:47:07,1234044,0,0,661,1065.7,74567,0,437781,0,19,0,0,3250,96497,0,0,77,4,0,0,0,0,0,0,296,0,0,89246,36614
07/14/2018 16:47:08,1562053,0,0,934,1032.04,114694,0,523040,0,18,0,0,3333,96607,0,0,71,6,0,0,0,0,0,0,296,0,0,184740,72902
07/14/2018 16:47:09,1405253,0,0,1099,812.59,81450,0,461338,0,0,0,0,3353,96700,0,0,55,4,0,0,0,0,0,0,296,1,0,98128,42350
07/14/2018 16:47:10,1004334,0,0,1361,473.83,76015,0,409400,0,0,0,0,3375,96823,0,0,86,5,0,0,0,0,0,0,296,0,0,87989,41089
07/14/2018 16:47:11,1382799,0,0,757,1002.11,107179,0,416210,0,37,0,0,3475,96962,0,0,75,6,0,0,0,0,0,0,296,0,0,171151,69432
07/14/2018 16:47:12,1618381,0,0,625,1332.65,107151,0,438904,0,19,0,0,3504,97096,0,0,67,5,0,0,0,0,0,0,296,0,0,171455,70548
07/14/2018 16:47:13,1502810,0,0,967,923.91,134907,0,442714,0,19,0,0,3544,97227,0,0,65,6,0,0,0,0,0,0,296,0,0,242818,94980
07/14/2018 16:47:14,1083467,0,0,733,892.82,94197,0,362012,0,38,0,0,3578,97319,0,0,50,6,0,0,0,0,0,0,296,0,0,161973,61225
07/14/2018 16:47:15,1237630,0,0,1138,537.78,78385,0,419250,0,0,0,0,3600,97424,0,0,47,4,0,0,0,0,0,0,296,0,0,91669,41000
07/14/2018 16:47:16,1309170,0,0,919,1030.23,91142,0,495135,0,19,0,0,3621,97537,0,0,74,5,0,0,0,0,0,0,296,0,0,106975,48820
07/14/2018 16:47:17,867391,0,0,483,1391.12,72428,0,392262,0,0,0,0,3641,97676,0,0,65,5,0,0,0,0,0,0,296,0,0,84118,39791
07/14/2018 16:47:18,1312628,0,0,1760,461.89,105840,0,489748,0,37,0,0,3743,97817,0,0,50,6,0,0,0,0,0,0,296,0,0,168843,64580
07/14/2018 16:47:19,1654651,0,0,1671,557.21,129489,0,445255,0,0,0,0,3781,97969,0,0,51,5,0,0,0,0,0,0,296,0,0,228705,91928
07/14/2018 16:47:20,1414864,0,0,1080,883.84,92617,0,494488,0,0,0,0,3802,98049,0,0,65,5,0,0,0,0,0,0,296,0,0,144816,58884
07/14/2018 16:47:21,992267,0,0,794,812.78,71009,0,380036,0,0,0,0,3820,98116,0,0,39,4,0,0,0,0,0,0,296,0,0,98535,42752
07/14/2018 16:47:22,1426608,0,0,1103,680.99,101645,0,402612,0,19,0,0,3845,98221,0,0,68,5,0,0,0,0,0,0,296,0,0,171418,66044
07/14/2018 16:47:23,1262447,0,0,1247,594.13,80756,0,463964,0,0,0,0,3872,98333,0,0,75,5,0,0,0,0,0,0,296,0,0,91317,41488
07/14/2018 16:47:24,1108975,0,0,985,694.39,89326,0,459791,0,72,0,0,4143,98459,0,0,108,8,0,0,0,0,0,0,296,0,0,100171,44661
07/14/2018 16:47:25,992560,0,0,906,678.85,75426,0,352648,0,0,0,0,4166,98580,0,0,91,5,0,0,0,0,0,0,296,0,0,92187,41539
07/14/2018 16:47:26,1281625,0,0,902,694.43,97964,0,375382,0,0,0,1403,47,98689,8,137,60,4,0,0,0,0,0,0,297,0,0,154941,62098
07/14/2018 16:47:27,830314,0,0,516,890.82,78645,0,309318,0,0,0,2780,350,98772,0,1,63,4,0,0,0,0,0,0,297,0,0,96480,49553
07/14/2018 16:47:28,1223607,0,0,985,667.3,116254,0,308792,0,9,0,0,516,98860,0,0,41,5,0,0,0,0,0,0,297,0,0,239246,85847
07/14/2018 16:47:29,990450,0,0,563,1286.72,79354,0,462046,0,0,0,0,616,98984,0,0,93,5,0,0,0,0,0,0,297,0,0,91961,38949
07/14/2018 16:47:30,1202035,0,0,630,1071.41,88500,0,450655,0,18,0,0,785,99092,0,0,58,4,0,0,0,0,0,0,297,0,0,109113,49515
07/14/2018 16:47:31,1193205,0,0,523,1343.43,76130,0,443112,0,0,0,0,863,99164,0,0,50,5,0,0,0,0,0,0,297,0,0,90852,39244
07/14/2018 16:47:32,1158715,0,0,604,1293.39,80663,0,475725,0,0,0,0,933,99314,0,0,80,5,0,0,0,0,0,0,297,0,0,102193,44095
07/14/2018 16:47:33,1694178,0,0,657,1329.92,106465,0,400515,0,18,0,0,1044,99457,0,0,88,6,0,0,0,0,0,0,297,1,0,169790,70220
07/14/2018 16:47:34,1204850,0,0,542,1331.13,73227,0,413093,0,0,0,0,1100,99565,0,0,47,4,0,0,0,0,0,0,297,0,0,88578,40892
07/14/2018 16:47:35,1121463,0,0,430,1594.68,105904,0,438211,0,0,0,0,1143,99688,0,0,37,4,0,0,0,0,0,0,297,0,0,157163,69787
07/14/2018 16:47:36,1137687,0,0,957,730.9,80510,0,412188,0,18,0,0,1242,99745,0,0,49,5,0,0,0,0,0,0,297,0,0,104864,43930
07/14/2018 16:47:37,1077340,0,0,1071,607.4,89742,0,436716,0,18,0,0,1345,99868,0,0,88,6,0,0,0,0,0,0,297,0,0,108886,48210
07/14/2018 16:47:38,999114,0,0,565,1172.87,95413,0,387803,0,19,0,0,1397,99962,0,0,43,5,0,0,0,0,0,0,297,0,0,160285,63106
07/14/2018 16:47:39,1061994,0,0,858,777.43,88093,0,404428,0,0,0,0,1417,100060,0,0,54,5,0,0,0,0,0,0,297,0,0,105978,53041
07/14/2018 16:47:40,1429167,0,0,1609,543.17,99419,0,452355,0,18,0,0,1540,100194,0,0,78,6,0,0,0,0,0,0,297,0,0,147672,56812
07/14/2018 16:47:41,1182428,0,0,1745,334.44,80085,0,405426,0,9,0,0,1629,100304,0,0,61,6,0,0,0,0,0,0,297,1,0,95953,42093
07/14/2018 16:47:42,685538,0,0,612,687.08,77322,0,303496,0,0,0,0,1643,100394,0,0,78,4,0,0,0,0,0,0,297,0,0,91204,47933
07/14/2018 16:47:43,1275290,0,0,647,1040.3,75014,0,362972,0,19,0,0,1669,100505,0,0,66,5,0,0,0,0,0,0,297,0,0,84422,40731
07/14/2018 16:47:44,1372685,0,0,703,1153.61,124480,0,437189,0,0,0,0,1694,100644,0,0,89,5,0,0,0,0,0,0,297,0,0,212286,84906
07/14/2018 16:47:45,1296068,0,0,826,882.72,85486,0,434618,0,18,0,0,1792,100754,0,0,87,5,0,0,0,0,0,0,297,0,0,120246,45769
07/14/2018 16:47:46,1280166,0,0,748,938.44,85214,0,431501,0,0,0,0,1825,100862,0,0,53,6,0,0,0,0,0,0,297,0,0,103940,46914
07/14/2018 16:47:47,1042626,0,0,965,686.55,73650,0,407842,0,18,0,0,1917,100978,0,0,80,6,0,0,0,0,0,0,297,0,0,95100,36637
07/14/2018 16:47:48,1220251,0,0,1318,504.84,79692,0,382546,0,19,0,0,1943,101085,0,0,77,4,0,0,0,0,0,0,297,0,0,89868,44818
07/14/2018 16:47:49,1195090,0,0,1803,360.22,72712,0,419160,0,0,0,0,1964,101178,0,0,80,5,0,0,0,0,0,0,297,0,0,90296,39048
07/14/2018 16:47:50,946693,0,0,1059,500.59,83081,0,375132,0,18,0,0,2058,101272,0,0,76,6,0,0,0,0,0,0,297,0,0,107974,46757
07/14/2018 16:47:51,1212164,0,0,339,2106.72,84226,0,350843,0,0,0,0,2070,101384,0,0,50,3,0,0,0,0,0,0,297,0,0,138425,53504
07/14/2018 16:47:52,1904671,0,0,705,1531.99,133980,0,448464,0,6,0,0,2099,101510,0,0,98,6,0,0,0,0,0,0,297,0,0,243703,90567
07/14/2018 16:47:53,1342766,0,0,627,1382.05,124351,0,382362,0,13,0,0,2125,101617,0,0,54,4,0,0,0,0,0,0,297,0,0,245996,93557
07/14/2018 16:47:54,1004396,0,0,720,897.62,82269,0,438167,0,0,0,0,2152,101751,0,0,107,6,0,0,0,0,0,0,297,0,0,104443,46021
07/14/2018 16:47:55,1397509,0,0,570,1276.23,84957,0,442197,0,19,0,0,2182,101879,0,0,78,5,0,0,0,0,0,0,297,1,0,101943,47739
07/14/2018 16:47:56,1229487,0,0,588,1243.3,80484,0,464599,0,18,0,0,2270,101976,0,0,74,6,0,0,0,0,0,0,297,1,0,93165,43742
07/14/2018 16:47:57,902564,0,0,515,962.07,73642,0,402691,0,0,0,0,2288,102073,0,0,45,4,0,0,0,0,0,0,297,0,0,95295,43952
07/14/2018 16:47:58,876591,0,0,1592,417.17,90214,0,415863,0,0,0,0,2303,102194,0,0,68,6,0,0,0,0,0,0,297,0,0,108486,52294
07/14/2018 16:47:59,1523656,0,0,855,962.24,114058,0,403594,0,18,0,0,2387,102254,0,0,58,4,0,0,0,0,0,0,297,0,0,220291,81185
07/14/2018 16:48:00,1121057,0,0,486,1500.2,74508,0,418302,0,0,0,0,2406,102363,0,0,87,4,0,0,0,0,0,0,297,0,0,83080,38163
07/14/2018 16:48:01,1404423,0,0,635,1477.8,119576,0,486910,0,0,0,0,2424,102503,0,0,87,5,0,0,0,0,0,0,297,0,0,186114,77826
07/14/2018 16:48:02,1204912,0,0,1231,489.72,74112,0,460031,0,0,0,0,2089,102609,0,0,79,5,0,0,0,0,0,0,297,0,0,88720,37385
07/14/2018 16:48:03,1613948,0,0,1883,348.21,85696,0,428422,0,28,0,0,2179,102719,0,0,102,7,0,0,0,0,0,0,297,0,0,106341,45953
07/14/2018 16:48:04,1058200,0,0,535,1056.85,80931,0,388860,0,0,0,0,2196,102839,0,0,53,4,0,0,0,0,0,0,297,0,0,86978,46215
07/14/2018 16:48:05,1377845,0,0,1234,660.05,115142,0,430585,0,0,0,0,2211,102971,0,0,90,4,0,0,0,0,0,0,297,0,0,190068,79566
07/14/2018 16:48:06,1084507,0,0,945,705.46,70014,0,434123,0,22,0,0,2247,103042,0,0,72,6,0,0,0,0,0,0,297,0,0,98108,33501
07/14/2018 16:48:07,976399,0,0,865,674.35,73432,0,381758,0,16,0,0,2274,103143,0,0,63,5,0,0,0,0,0,0,297,0,0,84753,39819
07/14/2018 16:48:08,1350812,0,0,975,809.07,95993,0,412646,0,0,0,0,2296,103277,0,0,56,4,0,0,0,0,0,0,297,0,0,151594,60493
07/14/2018 16:48:09,1016049,0,0,868,657.37,79351,0,403297,0,37,0,0,2382,103362,0,0,89,6,0,0,0,0,0,0,297,0,0,96622,39685
07/14/2018 16:48:10,1420908,0,0,1004,835.91,107773,0,390257,0,38,0,0,2416,103500,0,0,94,5,0,0,0,0,0,0,297,0,0,162436,72972
07/14/2018 16:48:11,1415573,0,0,1248,641.8,83370,0,463954,0,0,0,0,2435,103614,0,0,80,6,0,0,0,0,0,0,297,0,0,116483,45025
07/14/2018 16:48:12,843661,0,0,1250,383.26,68569,0,311373,0,19,0,0,2463,103704,0,0,69,5,0,0,0,0,0,0,297,0,0,93491,36544
07/14/2018 16:48:13,1345342,0,0,842,993.14,102314,0,420972,0,0,0,0,2475,103805,0,0,58,4,0,0,0,0,0,0,297,0,0,173029,66138
07/14/2018 16:48:14,1133400,0,0,520,1658.15,74093,0,399650,0,0,0,0,2492,103905,0,0,57,4,0,0,0,0,0,0,297,0,0,86396,38349
07/14/2018 16:48:15,1639964,0,0,738,1381.93,110579,0,506915,0,0,0,0,2518,104023,0,0,64,6,0,0,0,0,0,0,297,0,0,193247,76522
07/14/2018 16:48:16,1108514,0,0,475,1452.93,71303,0,412555,0,19,0,0,2546,104119,0,0,80,4,0,0,0,0,0,0,297,0,0,86728,36349
07/14/2018 16:48:17,1845333,0,0,881,1254.51,117482,0,543378,0,36,0,0,2692,104262,0,0,78,6,0,0,0,0,0,0,297,0,0,174732,70291
07/14/2018 16:48:18,1317543,0,0,879,967.78,88014,0,521660,0,18,0,0,2842,104446,0,0,75,6,0,0,0,0,0,0,297,0,0,106918,45442
07/14/2018 16:48:19,1173653,0,0,1397,490,104290,0,408446,0,0,0,0,2866,104538,0,0,44,6,0,0,0,0,0,0,297,0,0,168460,67117
07/14/2018 16:48:20,1031028,0,0,997,543.02,79441,0,347737,0,19,0,0,2893,104605,0,0,77,5,0,0,0,0,0,0,297,0,0,105621,48893
07/14/2018 16:48:21,1553852,0,0,966,792.36,76865,0,464726,0,18,0,0,2986,104725,0,0,77,6,0,0,0,0,0,0,297,0,0,96078,39574
07/14/2018 16:48:22,999923,0,0,711,929.97,83628,0,416113,0,46,0,0,3135,104814,0,0,81,6,0,0,0,0,0,0,297,0,0,99489,47318
07/14/2018 16:48:23,1248466,0,0,670,1310.88,110017,0,522492,0,0,0,0,3150,104955,0,0,84,6,0,0,0,0,0,0,297,0,0,174095,69681
07/14/2018 16:48:24,1167702,0,0,482,1357.23,75933,0,455729,0,0,0,0,3169,105039,0,0,57,4,0,0,0,0,0,0,297,0,0,99294,44479
07/14/2018 16:48:25,1546275,0,0,506,1409.6,103305,0,411401,0,9,0,0,3247,105163,0,0,41,5,0,0,0,0,0,0,297,0,0,148006,68698
07/14/2018 16:48:26,1311811,0,0,968,846.01,97195,0,362768,0,19,0,0,3269,105259,0,0,82,4,0,0,0,0,0,0,297,0,0,177777,65750
07/14/2018 16:48:27,1183642,0,0,808,878.92,109041,0,405735,0,19,0,0,3308,105416,0,0,95,6,0,0,0,0,0,0,297,0,0,171757,69395
07/14/2018 16:48:28,840831,0,0,707,828.47,85482,0,420641,0,0,0,0,3332,105485,0,0,56,6,0,0,0,0,0,0,297,0,0,119957,48868
07/14/2018 16:48:29,810073,0,0,515,942.08,79785,0,345544,0,28,0,0,3433,105597,0,0,97,5,0,0,0,0,0,0,297,0,0,81618,40075
07/14/2018 16:48:30,1484337,0,0,861,1169.74,81994,0,515799,0,18,0,0,3515,105745,0,0,66,5,0,0,0,0,0,0,297,0,0,94096,39853
07/14/2018 16:48:31,1401859,0,0,744,829.99,88207,0,467724,0,18,0,0,3606,105862,0,0,81,5,0,0,0,0,0,0,297,0,0,110202,49610
07/14/2018 16:48:32,842367,0,0,1540,421.07,72712,0,353416,0,0,0,0,3617,105951,0,0,48,5,0,0,0,0,0,0,297,0,0,84019,38971
07/14/2018 16:48:33,1364916,0,0,770,1115.29,118660,0,375346,0,0,0,0,3633,106027,0,0,54,4,0,0,0,0,0,0,297,0,0,234633,85835
07/14/2018 16:48:34,1484268,0,0,449,1538.08,96076,0,374640,0,0,0,0,3651,106144,0,0,55,4,0,0,0,0,0,0,297,0,0,158451,61687
07/14/2018 16:48:35,1476596,0,0,1278,814.02,100471,0,473835,0,0,0,0,3670,106268,0,0,56,4,0,0,0,0,0,0,297,0,0,174864,64874
07/14/2018 16:48:36,1104971,0,0,1126,599.78,93701,0,478874,0,18,0,0,3757,106400,0,0,96,7,0,0,0,0,0,0,297,0,0,117940,50272
07/14/2018 16:48:37,799649,0,0,1161,482.97,81922,0,392967,0,0,0,0,3776,106480,0,0,75,5,0,0,0,0,0,0,297,0,0,101844,49160
07/14/2018 16:48:38,1435804,0,0,1001,918.58,103743,0,491898,0,19,0,0,3797,106590,0,0,76,5,0,0,0,0,0,0,297,0,0,164710,63864
07/14/2018 16:48:39,1150145,0,0,712,953.24,78889,0,397618,0,9,0,0,3876,106703,0,0,63,5,0,0,0,0,0,0,297,0,0,89081,43670
07/14/2018 16:48:40,1236761,0,0,2370,323.78,93731,0,439117,0,19,0,0,3910,106835,0,0,91,6,0,0,0,0,0,0,297,0,0,113830,52337
07/14/2018 16:48:41,864385,0,0,1259,434.2,67287,0,350958,0,9,0,0,3988,106944,0,0,55,5,0,0,0,0,0,0,297,0,0,70735,31929
07/14/2018 16:48:42,953722,0,0,1146,492.08,78033,0,406845,0,0,0,0,4004,107017,0,0,54,5,0,0,0,0,0,0,297,0,0,89310,42626
07/14/2018 16:48:43,1603869,0,0,743,1324.57,104075,0,443662,0,0,0,0,4022,107150,0,0,46,4,0,0,0,0,0,0,297,0,0,170789,68258
07/14/2018 16:48:44,1279898,0,0,911,721.37,93073,0,432279,0,0,0,0,4042,107299,0,0,74,5,0,0,0,0,0,0,297,0,0,112979,53097
07/14/2018 16:48:45,1606699,0,0,810,1326.24,107874,0,455052,0,0,0,0,4060,107438,0,0,88,7,0,0,0,0,0,0,297,0,0,181782,70382
07/14/2018 16:48:46,1137835,0,0,527,1240.95,73758,0,438086,0,0,0,0,4080,107536,0,0,38,4,0,0,0,0,0,0,297,0,0,79685,35496
07/14/2018 16:48:47,1364801,0,0,714,981.26,111413,0,404474,0,0,0,4083,364,107648,0,135,60,5,0,0,0,0,0,0,298,0,0,190916,76737
07/14/2018 16:48:48,1537568,0,0,1065,892.02,112522,0,440212,0,0,0,0,480,107794,0,0,73,5,0,0,0,0,0,0,298,0,0,173218,74405
07/14/2018 16:48:49,927208,0,0,531,1096.95,71382,0,386199,0,0,0,0,569,107877,0,0,75,5,0,0,0,0,0,0,298,0,0,97569,40592
07/14/2018 16:48:50,1247991,0,0,477,1387.94,92363,0,339846,0,9,0,0,720,107942,0,0,52,4,0,0,0,0,0,0,298,0,0,157649,64240
07/14/2018 16:48:51,1375798,0,0,1290,589.14,79908,0,415311,0,19,0,0,785,108072,0,0,76,4,0,0,0,0,0,0,298,0,0,91520,43967
07/14/2018 16:48:52,1627090,0,0,626,1457.22,106822,0,517674,0,0,0,0,840,108215,0,0,74,5,0,0,0,0,0,0,298,0,0,170524,66224
07/14/2018 16:48:53,1018357,0,0,1040,465.35,93198,0,365366,0,0,0,0,882,108303,0,0,91,6,0,0,0,0,0,0,298,0,0,124243,56475
07/14/2018 16:48:54,1078564,0,0,890,791.03,89253,0,356061,0,18,0,0,993,108410,0,0,75,5,0,0,0,0,0,0,298,0,0,146200,54825
07/14/2018 16:48:55,870647,0,0,1357,345.79,74082,0,341321,0,28,0,0,1092,108498,0,0,64,5,0,0,0,0,0,0,298,0,0,86987,39813
07/14/2018 16:48:56,1208986,0,0,780,744.74,78957,0,373865,0,0,0,0,1121,108604,0,0,60,5,0,0,0,0,0,0,298,0,0,125240,46369
07/14/2018 16:48:57,1204066,0,0,625,1316.95,103370,0,461876,0,0,0,0,1139,108732,0,0,61,5,0,0,0,0,0,0,298,0,0,145379,62698
07/14/2018 16:48:58,1137710,0,0,372,1896.33,71206,0,463360,0,0,0,0,1157,108826,0,0,42,3,0,0,0,0,0,0,298,0,0,77263,36248
07/14/2018 16:48:59,1332569,0,0,397,2747.91,90397,0,416376,0,0,0,0,1181,108930,0,0,50,5,0,0,0,0,0,0,298,0,0,106658,51370
07/14/2018 16:49:00,1672442,0,0,621,1567.91,78348,0,550907,0,0,0,0,1203,109054,0,0,39,4,0,0,0,0,0,0,298,0,0,90042,38402
07/14/2018 16:49:01,985647,0,0,1411,455.77,86891,0,419457,0,0,0,0,1229,109168,0,0,26,5,0,0,0,0,0,0,298,0,0,117513,53023
07/14/2018 16:49:02,1183407,0,0,769,1136.57,94224,0,452241,0,54,0,0,1425,109321,0,0,97,8,0,0,0,0,0,0,298,0,0,116690,51303
07/14/2018 16:49:03,1146496,0,0,923,719.55,92548,0,386944,0,19,0,0,1482,109392,0,0,74,5,0,0,0,0,0,0,298,0,0,147588,58484
07/14/2018 16:49:04,1091788,0,0,942,595.65,96174,0,374370,0,0,0,0,1502,109527,0,0,77,5,0,0,0,0,0,0,298,0,0,138509,60754
07/14/2018 16:49:05,1347281,0,0,1219,576.72,98840,0,431298,0,19,0,0,1535,109633,0,0,99,6,0,0,0,0,0,0,298,0,0,141895,57453
07/14/2018 16:49:06,1395219,0,0,546,1281.72,73269,0,395340,0,0,0,0,1560,109719,0,0,49,5,0,0,0,0,0,0,298,0,0,80168,38413
07/14/2018 16:49:07,1188621,0,0,684,1059.81,78952,0,442694,0,36,0,0,1676,109849,0,0,68,6,0,0,0,0,0,0,298,0,0,90365,42242
07/14/2018 16:49:08,1131946,0,0,494,1340.18,70916,0,416353,0,38,0,0,1756,109954,0,0,83,6,0,0,0,0,0,0,298,0,0,79991,35269
07/14/2018 16:49:09,1339754,0,0,1717,379.73,93217,0,409752,0,0,0,0,1777,110102,0,0,52,4,0,0,0,0,0,0,298,0,0,107564,52466
07/14/2018 16:49:10,1496316,0,0,1161,755.81,105501,0,468096,0,0,0,0,1798,110199,0,0,59,6,0,0,0,0,0,0,298,0,0,185820,69572
07/14/2018 16:49:11,1499086,0,0,828,1034.09,110385,0,436834,0,20,0,0,1885,110326,0,0,83,5,0,0,0,0,0,0,298,0,0,174117,74407
07/14/2018 16:49:12,1383684,0,0,1034,675.1,85958,0,342502,0,0,0,0,1901,110406,0,0,71,4,0,0,0,0,0,0,298,0,0,146937,52758
07/14/2018 16:49:13,1638317,0,0,1337,669.79,143880,0,437312,0,42,0,0,1932,110544,0,0,89,6,0,0,0,0,0,0,298,0,0,257510,102452
07/14/2018 16:49:14,1420632,0,0,746,1161.72,115613,0,495472,0,19,0,0,1967,110683,0,0,85,6,0,0,0,0,0,0,298,0,0,178925,69976
07/14/2018 16:49:15,735808,0,0,566,696.9,93144,0,261814,0,37,0,0,2062,110802,0,0,88,5,0,0,0,0,0,0,298,0,0,129693,62291
07/14/2018 16:49:16,1059793,0,0,800,828.92,63461,0,340685,0,6,0,0,2071,110868,0,0,67,4,0,0,0,0,0,0,298,0,0,99074,34850
