datetime,r,b,swpd,free,buff,cache,si,so,bi,bo,in,cs,us,sy,id,wa,st
07/14/18 16:37:16,21,2,0,67423744,26456,3140524,0,0,4084,292,7,12,0,2,65,33,0
07/14/18 16:37:17,14,1,0,67410768,26528,3140576,0,0,17972,676,26672,7389,30,1,67,2,0
07/14/18 16:37:18,19,1,0,67411328,26608,3141716,0,0,15688,1520,25313,6210,30,0,68,2,0
07/14/18 16:37:19,14,0,0,67409160,26640,3141748,0,0,10088,631,19269,4529,23,0,76,1,0
07/14/18 16:37:20,13,0,0,67409392,26688,3141804,0,0,9112,912,24103,4413,32,0,67,1,0
07/14/18 16:37:21,15,2,0,67409824,26736,3141864,0,0,15984,873,24206,6085,30,0,68,2,0
07/14/18 16:37:22,13,1,0,67410120,26768,3141980,0,0,8640,608,20669,3892,27,0,71,1,0
07/14/18 16:37:23,15,0,0,67410808,26808,3141980,0,0,8128,776,22101,3978,29,0,70,1,0
07/14/18 16:37:24,14,1,0,67410560,26856,3142032,0,0,9296,912,21742,4236,29,0,70,1,0
07/14/18 16:37:25,15,0,0,67408744,26896,3142096,0,0,12488,760,22850,5800,28,0,70,1,0
07/14/18 16:37:26,17,0,0,67409368,26952,3142124,0,0,8976,928,24686,4333,34,0,65,1,0
07/14/18 16:37:27,9,0,0,67413792,26976,3142204,0,0,8816,556,22740,4080,32,0,67,1,0
07/14/18 16:37:28,13,1,0,67413968,27024,3142204,0,0,11264,912,24243,5128,31,0,68,1,0
07/14/18 16:37:29,13,0,0,67413456,27072,3142228,0,0,7368,912,23593,3753,33,0,66,1,0
07/14/18 16:37:30,19,1,0,67411824,27104,3142312,0,0,6384,608,18712,3355,25,0,75,1,0
07/14/18 16:37:31,9,1,0,67411376,27152,3142324,0,0,5368,780,21872,3055,30,0,69,1,0
07/14/18 16:37:32,13,0,0,67411488,27184,3142368,0,0,9744,612,22900,4287,31,0,67,1,0
07/14/18 16:37:33,12,0,0,67411568,27224,3142440,0,0,17340,768,27516,6547,34,0,64,2,0
07/14/18 16:37:34,12,1,0,67409488,27264,3142528,0,0,12040,760,23771,5137,30,0,69,1,0
07/14/18 16:37:35,9,1,0,67408480,27304,3142540,0,0,7000,788,20823,3656,27,0,72,1,0
07/14/18 16:37:36,17,0,0,67408152,27344,3142668,0,0,12488,624,22440,5027,28,0,71,1,0
07/14/18 16:37:37,14,0,0,67408136,27416,3142596,0,0,13560,1368,24017,5493,30,0,68,1,0
07/14/18 16:37:38,16,0,0,67407424,27464,3142720,0,0,9656,912,20253,4355,26,0,73,1,0
07/14/18 16:37:39,13,0,0,67406960,27504,3142780,0,0,11256,760,22020,4825,27,0,71,1,0
07/14/18 16:37:40,13,2,0,67407656,27528,3142860,0,0,21856,460,23624,7403,26,0,71,2,0
07/14/18 16:37:41,18,2,0,67408016,27584,3142888,0,0,16728,928,25386,6261,31,0,67,2,0
07/14/18 16:37:42,18,0,0,67408488,27632,3143064,0,0,26608,912,28830,8750,33,0,64,3,0
07/14/18 16:37:43,11,0,0,67409088,27680,3143116,0,0,6776,912,21770,3455,30,0,69,1,0
07/14/18 16:37:44,12,2,0,67407968,27712,3143188,0,0,31280,608,26735,9885,26,0,70,3,0
07/14/18 16:37:45,10,1,0,67407880,27776,3143256,0,0,19952,1216,23910,7195,25,0,72,2,0
07/14/18 16:37:46,14,0,0,67408640,27840,3143332,0,0,19352,1080,23177,7019,25,0,72,2,0
07/14/18 16:37:47,10,0,0,67407824,27880,3143400,0,0,15280,760,25404,5781,33,0,65,2,0
07/14/18 16:37:48,16,1,0,67407696,27928,3143496,0,0,17552,912,24028,6530,27,0,71,2,0
07/14/18 16:37:49,15,0,0,67408360,27960,3143592,0,0,7552,636,23686,3764,33,0,66,1,0
07/14/18 16:37:50,12,0,0,67408128,28000,3143600,0,0,6408,764,21565,3478,30,0,69,1,0
07/14/18 16:37:51,20,1,0,67408224,28064,3143600,0,0,7480,1889,24382,3735,36,0,63,1,0
07/14/18 16:37:52,15,1,0,67407384,28096,3143676,0,0,15320,608,26370,5940,34,0,64,2,0
07/14/18 16:37:53,11,2,0,67407360,28144,3143724,0,0,13656,912,24629,5508,32,0,66,1,0
07/14/18 16:37:54,8,1,0,67407208,28192,3143804,0,0,12968,944,23306,5291,29,0,69,1,0
07/14/18 16:37:55,10,0,0,67407112,28224,3143920,0,0,11784,608,22484,5304,26,0,72,1,0
07/14/18 16:37:56,13,1,0,67403248,28264,3143900,0,0,15584,660,23550,5893,29,0,69,2,0
07/14/18 16:37:57,13,1,0,67402400,28296,3144028,0,0,9552,608,22167,3984,30,0,69,1,0
07/14/18 16:37:58,15,1,0,67402464,28336,3144020,0,0,14744,772,26877,5664,35,0,64,1,0
07/14/18 16:37:59,10,1,0,67401904,28368,3143988,0,0,11496,612,22159,4866,28,0,71,1,0
07/14/18 16:38:00,14,1,0,67401664,28408,3144172,0,0,8320,760,22530,4770,30,0,69,1,0
07/14/18 16:38:01,21,2,0,67401312,28464,3144240,0,0,9648,956,25819,4360,36,0,63,1,0
07/14/18 16:38:02,10,0,0,67395712,28512,3144304,0,0,13056,912,22534,5338,28,0,71,1,0
07/14/18 16:38:03,11,0,0,67395640,28552,3144368,0,0,18536,870,24567,6695,29,0,69,2,0
07/14/18 16:38:04,15,0,0,67394672,28592,3144460,0,0,10344,760,21871,4358,28,0,71,1,0
07/14/18 16:38:05,15,0,0,67394064,28616,3144488,0,0,17112,456,25805,6146,33,0,65,2,0
07/14/18 16:38:06,12,0,0,67393728,28656,3144584,0,0,8688,688,24079,4119,33,0,66,1,0
07/14/18 16:38:07,13,0,0,67392584,28712,3144656,0,0,10112,68531,23386,9201,22,0,76,1,0
07/14/18 16:38:08,8,1,0,67392312,28752,3144704,0,0,8600,764,21745,3917,28,0,71,1,0
07/14/18 16:38:09,9,1,0,67392104,28784,3144784,0,0,22368,612,25355,7417,28,0,70,2,0
07/14/18 16:38:10,9,1,0,67392416,28840,3144840,0,0,18336,1080,26288,8133,29,0,69,2,0
07/14/18 16:38:11,14,1,0,67391280,28888,3144944,0,0,10192,776,20102,4433,25,0,74,1,0
07/14/18 16:38:12,13,1,0,67391576,28936,3145028,0,0,15400,912,22784,5592,28,0,70,2,0
07/14/18 16:38:13,11,1,0,67391504,28968,3144996,0,0,7016,608,19875,3319,26,0,73,1,0
07/14/18 16:38:14,16,1,0,67391808,29008,3145084,0,0,10400,760,24030,4623,32,0,67,1,0
07/14/18 16:38:15,13,1,0,67391144,29056,3145128,0,0,13456,912,23049,5438,28,0,70,1,0
07/14/18 16:38:16,18,0,0,67391408,29112,3145176,0,0,6048,928,22265,3299,31,0,68,1,0
07/14/18 16:38:17,10,0,0,67391376,29144,3145200,0,0,5816,608,20675,3066,29,0,71,1,0
07/14/18 16:38:18,14,1,0,67390352,29184,3145252,0,0,7232,760,22677,3753,31,0,68,1,0
07/14/18 16:38:19,12,1,0,67390648,29232,3145296,0,0,10120,969,23747,4446,32,0,67,1,0
07/14/18 16:38:20,14,1,0,67391112,29264,3145388,0,0,14480,608,22544,5464,28,0,70,1,0
07/14/18 16:38:21,10,0,0,67389536,29304,3145452,0,0,3880,627,17355,2440,24,0,76,0,0
07/14/18 16:38:22,13,0,0,67389680,29344,3145464,0,0,9552,764,21488,4455,27,0,71,1,0
07/14/18 16:38:23,14,2,0,67389360,29376,3145508,0,0,3432,608,20022,2364,30,0,70,0,0
07/14/18 16:38:24,14,1,0,67389096,29424,3145484,0,0,7560,1168,22116,3695,30,0,69,1,0
07/14/18 16:38:25,17,2,0,67388464,29464,3145560,0,0,19632,760,29584,7536,36,1,61,2,0
07/14/18 16:38:26,18,1,0,67388728,29520,3145536,0,0,14120,1124,28389,5786,39,0,59,1,0
07/14/18 16:38:27,12,1,0,67388064,29576,3145656,0,0,7784,1064,22514,3783,31,0,68,1,0
07/14/18 16:38:28,10,1,0,67388344,29616,3145684,0,0,7696,764,18172,3849,22,0,77,1,0
07/14/18 16:38:29,9,1,0,67388064,29672,3145716,0,0,13712,1064,22722,5525,27,0,71,1,0
07/14/18 16:38:30,13,0,0,67387920,29704,3145776,0,0,6240,608,18387,3368,24,0,75,1,0
07/14/18 16:38:31,10,0,0,67388464,29744,3145792,0,0,4144,640,20044,2671,28,0,72,0,0
07/14/18 16:38:32,13,0,0,67387712,29784,3145824,0,0,4504,760,19361,2755,27,0,73,1,0
07/14/18 16:38:33,11,2,0,67386912,29816,3145876,0,0,14380,616,21293,5508,25,0,74,1,0
07/14/18 16:38:34,12,1,0,67386736,29856,3145932,0,0,21552,888,26642,7525,31,0,67,2,0
07/14/18 16:38:35,16,3,0,67385584,29920,3146028,0,0,19336,1088,27912,7013,34,0,64,2,0
07/14/18 16:38:36,18,0,0,67384688,29968,3146220,0,0,29016,776,30286,9222,35,0,62,3,0
07/14/18 16:38:37,10,3,0,67384968,30016,3146188,0,0,19336,912,24433,6952,27,0,71,2,0
07/14/18 16:38:38,12,3,0,67384368,30048,3146352,0,0,17120,612,22310,6060,25,0,73,2,0
07/14/18 16:38:39,12,0,0,67384224,30096,3146436,0,0,13952,912,21452,5512,25,0,73,1,0
07/14/18 16:38:40,14,1,0,67383488,30136,3146512,0,0,9768,760,22541,4840,30,0,69,1,0
07/14/18 16:38:41,13,0,0,67383288,30184,3146548,0,0,6776,776,20307,3590,27,0,72,1,0
07/14/18 16:38:42,16,0,0,67382800,30224,3146580,0,0,9264,760,22034,4242,28,0,70,1,0
07/14/18 16:38:43,11,2,0,67382296,30264,3146680,0,0,24408,760,27174,8226,29,0,68,2,0
07/14/18 16:38:44,13,0,0,67382328,30304,3146740,0,0,17216,889,24020,6499,29,0,69,2,0
07/14/18 16:38:45,15,1,0,67382240,30344,3146796,0,0,13672,776,21983,5151,27,0,71,1,0
07/14/18 16:38:46,15,0,0,67381776,30392,3146880,0,0,9064,796,22561,4191,31,0,68,1,0
07/14/18 16:38:47,12,0,0,67380584,30440,3146896,0,0,5784,916,20726,3027,29,0,70,1,0
07/14/18 16:38:48,13,1,0,67380024,30480,3146952,0,0,6800,760,23311,3348,34,0,65,1,0
07/14/18 16:38:49,11,0,0,67379984,30520,3147004,0,0,6072,797,19640,3154,27,0,72,1,0
07/14/18 16:38:50,14,0,0,67379632,30560,3147016,0,0,10312,762,23029,4571,29,0,70,1,0
07/14/18 16:38:51,15,0,0,67377560,30616,3147076,0,0,11872,930,23258,5020,30,0,68,1,0
07/14/18 16:38:52,20,0,0,67374992,30664,3147124,0,0,7104,916,23985,3912,33,0,66,1,0
07/14/18 16:38:53,12,0,0,67373600,30712,3147180,0,0,6312,912,23265,3606,32,0,67,1,0
07/14/18 16:38:54,11,2,0,67372672,30752,3147204,0,0,6712,824,22199,3621,30,0,69,1,0
07/14/18 16:38:55,16,1,0,67372848,30776,3147328,0,0,16552,520,24756,6751,30,0,68,2,0
07/14/18 16:38:56,18,1,0,67372336,30824,3147280,0,0,7328,776,24285,3706,35,0,64,1,0
07/14/18 16:38:57,8,1,0,67371744,30856,3147384,0,0,4552,612,20371,2737,28,0,71,1,0
07/14/18 16:38:58,14,0,0,67372000,30904,3147356,0,0,13656,924,22691,5574,27,0,72,1,0
07/14/18 16:38:59,14,1,0,67366752,30944,3147512,0,0,11200,760,24873,4784,33,0,66,1,0
07/14/18 16:39:00,14,1,0,67366832,30984,3147488,0,0,12968,760,25196,5946,32,0,67,1,0
07/14/18 16:39:01,11,0,0,67366072,31048,3147644,0,0,14200,1292,23892,5775,29,0,69,1,0
07/14/18 16:39:02,8,0,0,67365576,31088,3147604,0,0,6512,760,18831,3447,24,0,75,1,0
07/14/18 16:39:03,14,1,0,67364864,31128,3147704,0,0,16016,760,22477,5838,28,0,70,2,0
07/14/18 16:39:04,7,1,0,67363304,31168,3147748,0,0,7400,760,20876,3679,28,0,71,1,0
07/14/18 16:39:05,13,0,0,67363488,31200,3147760,0,0,20568,608,20363,6909,22,0,76,2,0
07/14/18 16:39:06,16,0,0,67362912,31248,3147836,0,0,24072,816,28162,8184,32,0,65,2,0
07/14/18 16:39:07,9,3,0,67362952,31288,3148004,0,0,24504,764,27522,8199,31,0,66,2,0
07/14/18 16:39:08,9,1,0,67363216,31328,3148056,0,0,20408,760,25696,7124,30,0,67,2,0
07/14/18 16:39:09,14,1,0,67365496,31384,3148208,0,0,23352,1064,26226,8164,29,0,69,2,0
07/14/18 16:39:10,11,1,0,67364784,31424,3148332,0,0,9552,760,23398,4857,30,0,68,1,0
07/14/18 16:39:11,15,1,0,67364040,31472,3148432,0,0,6000,776,18968,3303,25,0,74,1,0
07/14/18 16:39:12,10,0,0,67363928,31512,3148392,0,0,4488,760,19138,2763,26,0,74,1,0
07/14/18 16:39:13,16,0,0,67363584,31544,3148464,0,0,5448,608,19829,2990,28,0,72,1,0
07/14/18 16:39:14,17,1,0,67328864,28096,3149032,0,0,14404,930,29251,5958,37,1,61,1,0
07/14/18 16:39:15,13,0,0,67326040,28152,3148536,0,0,11432,1080,26411,6335,34,0,64,1,0
07/14/18 16:39:16,14,3,0,67283648,28192,3148496,0,0,9416,628,25103,4586,35,0,64,1,0
07/14/18 16:39:17,10,0,0,67263392,28240,3148600,0,0,6680,912,22385,3694,31,0,68,1,0
07/14/18 16:39:18,13,0,0,67166336,28280,3148588,0,0,5696,760,20432,3184,28,1,71,1,0
07/14/18 16:39:19,16,1,0,67285984,28328,3148640,0,0,7840,2516,22531,4279,29,0,70,1,0
07/14/18 16:39:20,16,0,0,67245328,28368,3148720,0,0,5528,761,23964,3267,35,0,64,1,0
07/14/18 16:39:21,14,0,0,67172624,28408,3148732,0,0,4256,624,20627,2574,30,0,69,0,0
07/14/18 16:39:22,12,1,0,67289440,28440,3148632,0,0,9480,692,23130,4633,30,0,68,1,0
07/14/18 16:39:23,14,2,0,67262048,28472,3148728,0,0,16896,608,25976,6514,32,0,66,2,0
07/14/18 16:39:24,20,2,0,67172024,28512,3148692,0,0,25976,968,31239,8501,38,1,58,2,0
07/14/18 16:39:25,15,0,0,67323424,18692,3148760,0,0,30004,1452,32273,7712,38,1,60,1,0
07/14/18 16:39:26,12,0,0,67322880,18732,3148720,0,0,8536,764,19634,3857,24,0,74,1,0
07/14/18 16:39:27,13,1,0,67354560,18764,3148532,0,0,13168,68493,27430,9702,30,0,69,1,0
07/14/18 16:39:28,8,0,0,67355504,18812,3148836,0,0,15008,912,22255,5836,25,0,73,1,0
07/14/18 16:39:29,15,1,0,67357184,18860,3148860,0,0,7784,1180,20594,3749,28,0,71,1,0
07/14/18 16:39:30,13,0,0,67356896,18924,3148956,0,0,5680,952,17392,3076,23,0,77,1,0
07/14/18 16:39:31,15,0,0,67356520,18956,3148932,0,0,15440,680,25655,5658,32,0,66,2,0
07/14/18 16:39:32,12,0,0,67356848,18996,3149064,0,0,6040,760,22355,3140,31,0,68,1,0
07/14/18 16:39:33,17,1,0,67356912,19036,3149052,0,0,11324,760,21338,4607,27,0,72,1,0
07/14/18 16:39:34,11,1,0,67356928,19076,3149132,0,0,11256,768,22626,4699,28,0,70,1,0
07/14/18 16:39:35,14,0,0,67356520,19124,3149224,0,0,28288,776,26705,9105,27,0,70,3,0
07/14/18 16:39:36,13,1,0,67357216,19172,3149304,0,0,7120,916,21506,3426,29,0,70,1,0
07/14/18 16:39:37,14,1,0,67357640,19212,3149328,0,0,5808,760,20006,3145,27,0,72,1,0
07/14/18 16:39:38,13,0,0,67357216,19260,3149396,0,0,14552,912,25505,5778,33,0,66,1,0
07/14/18 16:39:39,17,0,0,67357312,19292,3149368,0,0,5040,608,20825,2644,32,0,68,1,0
07/14/18 16:39:40,16,1,0,67356872,19348,3149436,0,0,16488,928,26348,6642,33,0,65,2,0
07/14/18 16:39:41,15,0,0,67356032,19388,3149540,0,0,6832,760,23699,3445,34,0,65,1,0
07/14/18 16:39:42,12,2,0,67355392,19428,3149500,0,0,8736,760,22776,4021,31,0,68,1,0
07/14/18 16:39:43,18,0,0,67355056,19468,3149580,0,0,11864,760,23392,4836,31,0,68,1,0
07/14/18 16:39:44,12,2,0,67354624,19496,3149704,0,0,12432,668,23804,4975,30,0,68,1,0
07/14/18 16:39:45,12,0,0,67355112,19540,3149660,0,0,7168,628,18993,3428,24,0,75,1,0
07/14/18 16:39:46,11,1,0,67354840,19572,3149756,0,0,8872,612,20355,4016,25,0,74,1,0
07/14/18 16:39:47,17,1,0,67355264,19612,3149792,0,0,11760,760,22171,4661,28,0,70,1,0
07/14/18 16:39:48,13,1,0,67354264,19652,3149828,0,0,9760,760,22426,4073,30,0,69,1,0
07/14/18 16:39:49,13,0,0,67350240,19692,3149912,0,0,5152,774,24859,3066,36,0,63,1,0
07/14/18 16:39:50,6,1,0,67349888,19740,3149968,0,0,4944,808,17480,3026,23,0,76,1,0
07/14/18 16:39:51,14,0,0,67349704,19780,3149984,0,0,5760,760,19089,3121,26,0,73,1,0
07/14/18 16:39:52,16,2,0,67349296,19828,3150008,0,0,9896,943,23773,4592,31,0,68,1,0
07/14/18 16:39:53,13,0,0,67349072,19884,3150064,0,0,7600,1064,23565,3869,33,0,66,1,0
07/14/18 16:39:54,8,1,0,67349184,19924,3150160,0,0,6808,808,20747,3653,27,0,72,1,0
07/14/18 16:39:55,10,1,0,67350136,19972,3150220,0,0,7352,780,20004,3988,26,0,73,1,0
07/14/18 16:39:56,13,3,0,67350000,20012,3150328,0,0,16864,760,22829,6212,26,0,72,2,0
07/14/18 16:39:57,12,1,0,67349984,20052,3150288,0,0,9808,760,23229,4118,31,0,68,1,0
07/14/18 16:39:58,14,0,0,67349616,20092,3150396,0,0,15000,772,22217,5912,25,0,73,2,0
07/14/18 16:39:59,17,1,0,67349648,20132,3150432,0,0,6840,760,20997,3404,29,0,70,1,0
07/14/18 16:40:00,10,0,0,67349632,20188,3150460,0,0,22576,840,26087,8208,29,0,69,2,0
07/14/18 16:40:01,18,0,0,67348976,20244,3150608,0,0,8568,1064,20347,4023,26,0,73,1,0
07/14/18 16:40:02,11,0,0,67345544,20292,3150676,0,0,4312,921,20824,3604,28,0,71,1,0
07/14/18 16:40:03,13,1,0,67345632,20324,3150700,0,0,15048,608,20693,5586,24,0,75,1,0
07/14/18 16:40:04,20,0,0,67345744,20372,3150708,0,0,9952,912,26901,4492,37,0,61,1,0
07/14/18 16:40:05,19,0,0,67345920,20420,3150752,0,0,9920,780,23010,4447,31,0,67,1,0
07/14/18 16:40:06,13,1,0,67345984,20452,3150764,0,0,5936,608,20442,3213,28,0,71,1,0
07/14/18 16:40:07,10,3,0,67345680,20492,3150856,0,0,21040,788,23772,7564,26,0,72,2,0
07/14/18 16:40:08,21,1,0,67345488,20540,3150920,0,0,9104,912,23230,4155,32,0,67,1,0
07/14/18 16:40:09,11,1,0,67346104,20596,3150956,0,0,10200,1064,20844,4538,28,0,71,1,0
07/14/18 16:40:10,14,0,0,67346352,20636,3151016,0,0,9024,624,21533,4750,28,0,71,1,0
07/14/18 16:40:11,13,0,0,67346152,20684,3151016,0,0,4960,912,21770,2899,32,0,68,1,0
07/14/18 16:40:12,13,0,0,67345928,20724,3151020,0,0,8616,760,20573,3981,26,0,72,1,0
07/14/18 16:40:13,12,0,0,67345080,20764,3151136,0,0,9008,760,19415,4107,25,0,74,1,0
07/14/18 16:40:14,12,0,0,67342960,20796,3151104,0,0,7976,608,23950,3855,33,0,66,1,0
07/14/18 16:40:15,10,0,0,67343520,20844,3151180,0,0,4896,804,19643,2849,28,0,71,1,0
07/14/18 16:40:16,14,0,0,67343016,20892,3151180,0,0,6600,912,24860,3545,36,0,63,1,0
07/14/18 16:40:17,16,1,0,67342928,20940,3151232,0,0,5736,912,19865,3141,26,0,73,1,0
07/14/18 16:40:18,9,0,0,67343104,20980,3151284,0,0,6920,760,19634,3541,26,0,73,1,0
07/14/18 16:40:19,14,1,0,67342040,21020,3151324,0,0,7584,776,22198,3687,30,0,69,1,0
07/14/18 16:40:20,12,0,0,67342040,21068,3151276,0,0,7104,944,21445,3692,29,0,70,1,0
07/14/18 16:40:21,12,1,0,67341888,21116,3151420,0,0,13712,912,23503,5425,29,0,69,2,0
07/14/18 16:40:22,14,0,0,67341888,21148,3151388,0,0,12976,786,22593,5395,28,0,71,2,0
07/14/18 16:40:23,17,0,0,67341792,21188,3151488,0,0,9360,760,25928,4173,36,0,62,1,0
07/14/18 16:40:24,10,0,0,67341512,21236,3151532,0,0,11576,1156,22381,4883,28,0,71,1,0
07/14/18 16:40:25,13,0,0,67341104,21276,3151564,0,0,5328,640,19765,3382,26,0,72,1,0
07/14/18 16:40:26,10,0,0,67340984,21316,3151536,0,0,9552,760,22546,4174,30,0,69,1,0
07/14/18 16:40:27,8,3,0,67340288,21356,3151712,0,0,11280,760,22168,4856,28,0,70,1,0
07/14/18 16:40:28,14,0,0,67340256,21396,3151672,0,0,7528,760,22175,3761,30,0,69,1,0
07/14/18 16:40:29,10,2,0,67339936,21428,3151752,0,0,12168,608,19548,4867,24,0,75,1,0
07/14/18 16:40:30,14,1,0,67340464,21484,3151796,0,0,14432,928,24634,5679,31,0,67,1,0
07/14/18 16:40:31,11,1,0,67341336,21516,3151900,0,0,10560,608,20906,4378,27,0,72,1,0
07/14/18 16:40:32,11,1,0,67340456,21556,3151864,0,0,17288,772,23304,6146,27,0,71,2,0
07/14/18 16:40:33,15,1,0,67339808,21616,3151976,0,0,11852,1064,24575,5040,32,0,66,1,0
07/14/18 16:40:34,14,0,0,67339152,21656,3152044,0,0,8688,828,21149,4092,27,0,72,1,0
07/14/18 16:40:35,15,1,0,67338896,21704,3152080,0,0,7368,952,23747,3724,32,0,67,1,0
07/14/18 16:40:36,15,1,0,67338256,21736,3152172,0,0,3896,608,21138,2482,31,0,68,0,0
07/14/18 16:40:37,11,1,0,67338240,21784,3152124,0,0,11032,912,23854,4751,31,0,68,1,0
07/14/18 16:40:38,16,0,0,67337688,21816,3152264,0,0,5184,608,19437,2968,27,0,73,1,0
07/14/18 16:40:39,17,0,0,67339088,21864,3152308,0,0,12568,912,26943,5007,36,0,62,1,0
07/14/18 16:40:40,12,0,0,67339120,21912,3152288,0,0,7056,776,21962,3998,29,0,70,1,0
07/14/18 16:40:41,13,1,0,67334192,21948,3152388,0,0,6600,608,18686,3359,24,0,75,1,0
07/14/18 16:40:42,18,0,0,67333536,21996,3152404,0,0,8760,912,24606,4106,34,0,64,1,0
07/14/18 16:40:43,16,2,0,67333664,22044,3152384,0,0,11968,912,25111,4962,34,0,65,1,0
07/14/18 16:40:44,18,1,0,67333080,22076,3152532,0,0,13072,612,21217,5384,25,0,73,1,0
07/14/18 16:40:45,12,1,0,67332144,22112,3152588,0,0,11016,620,25110,4592,34,0,65,1,0
07/14/18 16:40:46,14,1,0,67331744,22168,3152632,0,0,7232,952,21897,3632,30,0,69,1,0
07/14/18 16:40:47,12,0,0,67332400,22208,3152696,0,0,9368,65966,26521,8827,30,0,69,1,0
07/14/18 16:40:48,15,0,0,67330208,22240,3152708,0,0,6512,608,23015,3557,31,0,68,1,0
07/14/18 16:40:49,15,1,0,67330128,22280,3152680,0,0,9112,788,24485,4102,33,0,66,1,0
07/14/18 16:40:50,9,0,0,67330128,22328,3152808,0,0,8576,964,21364,3981,28,0,71,1,0
07/14/18 16:40:51,17,0,0,67333744,22376,3152872,0,0,7376,776,18700,3708,24,0,75,1,0
07/14/18 16:40:52,13,0,0,67333744,22424,3152824,0,0,13072,951,24669,5316,32,0,66,1,0
07/14/18 16:40:53,6,2,0,67334000,22456,3152964,0,0,10832,608,20293,4554,25,0,74,1,0
07/14/18 16:40:54,15,1,0,67332688,22496,3152976,0,0,8336,1020,18592,4045,22,0,77,1,0
07/14/18 16:40:55,13,1,0,67332728,22544,3153024,0,0,11320,932,23933,5504,32,0,67,1,0
07/14/18 16:40:56,12,0,0,67331808,22584,3153112,0,0,7920,624,21039,3675,28,0,71,1,0
07/14/18 16:40:57,15,3,0,67331808,22632,3153068,0,0,12760,912,23330,5092,29,0,69,1,0
07/14/18 16:40:58,12,0,0,67330960,22672,3153212,0,0,19376,768,27486,7009,32,0,65,2,0
07/14/18 16:40:59,13,0,0,67331360,22720,3153216,0,0,5992,912,22123,3169,32,0,68,1,0
07/14/18 16:41:00,14,4,0,67330752,22760,3153308,0,0,6808,760,22545,4231,31,0,68,1,0
07/14/18 16:41:01,10,0,0,67330960,22816,3153376,0,0,5456,928,21634,3116,30,0,70,1,0
07/14/18 16:41:02,10,1,0,67330960,22848,3153344,0,0,5896,608,20106,3175,27,0,72,1,0
07/14/18 16:41:03,14,0,0,67330304,22896,3153408,0,0,11848,916,24212,5036,32,0,66,1,0
07/14/18 16:41:04,16,0,0,67329152,22952,3153516,0,0,17584,1064,26852,6612,34,0,64,2,0
07/14/18 16:41:05,13,0,0,67329168,22988,3153480,0,0,5232,612,18717,2843,25,0,74,1,0
07/14/18 16:41:06,18,1,0,67329408,23036,3153600,0,0,7688,788,22433,3700,31,0,68,1,0
07/14/18 16:41:07,17,0,0,67328976,23076,3153584,0,0,14496,760,28823,5869,39,0,59,2,0
07/14/18 16:41:08,10,0,0,67328416,23116,3153768,0,0,8016,760,19767,3848,25,0,74,1,0
07/14/18 16:41:09,16,0,0,67328544,23156,3153728,0,0,5568,760,20940,3176,28,0,71,1,0
07/14/18 16:41:10,16,1,0,67327872,23200,3153776,0,0,7224,920,23669,4177,31,0,68,1,0
07/14/18 16:41:11,14,0,0,67328280,23248,3153824,0,0,14792,816,25630,5845,32,0,66,1,0
07/14/18 16:41:12,16,1,0,67328528,23280,3153904,0,0,5792,608,21454,3123,30,0,69,1,0
07/14/18 16:41:13,11,0,0,67329192,23328,3153788,0,0,8808,916,21652,3970,28,0,71,1,0
07/14/18 16:41:14,14,0,0,67328512,23368,3153892,0,0,8048,760,21902,4137,28,0,71,1,0
07/14/18 16:41:15,13,0,0,67327744,23408,3153936,0,0,9936,760,21880,4388,28,0,71,1,0
07/14/18 16:41:16,12,2,0,67326096,23456,3153888,0,0,9456,776,18279,4200,22,0,77,1,0
07/14/18 16:41:17,10,1,0,67324712,23488,3154496,0,0,10456,608,22449,4369,30,0,69,1,0
07/14/18 16:41:18,11,0,0,67323736,23528,3154556,0,0,11448,748,23018,4898,29,0,70,1,0
07/14/18 16:41:19,14,1,0,67323888,23560,3154576,0,0,11768,610,21044,4770,26,0,73,1,0
07/14/18 16:41:20,15,0,0,67323376,23616,3154520,0,0,13320,1632,25602,5658,33,0,65,1,0
07/14/18 16:41:21,13,1,0,67323320,23664,3154692,0,0,10280,792,20852,4507,28,0,71,1,0
07/14/18 16:41:22,14,1,0,67323816,23696,3154784,0,0,12056,614,22394,5116,28,0,71,1,0
07/14/18 16:41:23,10,0,0,67324048,23744,3154740,0,0,11816,916,23650,4889,29,0,69,1,0
07/14/18 16:41:24,15,1,0,67324640,23776,3154868,0,0,19832,852,24174,6990,28,0,70,2,0
07/14/18 16:41:25,13,0,0,67323360,23816,3154952,0,0,17472,664,23754,6867,27,0,71,2,0
07/14/18 16:41:26,15,1,0,67323200,23864,3154948,0,0,9104,784,21128,4097,27,0,72,1,0
07/14/18 16:41:27,11,1,0,67322752,23896,3155048,0,0,7448,608,21339,3546,28,0,71,1,0
07/14/18 16:41:28,14,0,0,67322224,23944,3155064,0,0,9728,916,23098,4493,31,0,68,1,0
07/14/18 16:41:29,11,1,0,67321808,23984,3155136,0,0,8976,760,23657,4095,33,0,66,1,0
07/14/18 16:41:30,12,1,0,67321656,24016,3155176,0,0,3536,636,19438,2383,28,0,71,0,0
07/14/18 16:41:31,21,0,0,67322000,24072,3155176,0,0,9680,940,25621,4214,36,0,63,1,0
07/14/18 16:41:32,15,0,0,67321896,24120,3155240,0,0,7880,912,25275,3759,37,0,62,1,0
07/14/18 16:41:33,13,0,0,67321168,24160,3155288,0,0,14436,776,22087,5565,26,0,72,1,0
07/14/18 16:41:34,12,0,0,67321232,24200,3155328,0,0,5864,760,19702,3247,26,0,73,1,0
07/14/18 16:41:35,12,0,0,67319920,24240,3155328,0,0,4032,760,19065,2598,26,0,74,0,0
07/14/18 16:41:36,13,1,0,67318776,24280,3155408,0,0,6224,624,21691,3246,30,0,69,1,0
07/14/18 16:41:37,13,0,0,67319008,24328,3155408,0,0,9168,912,24446,4242,33,0,66,1,0
07/14/18 16:41:38,14,0,0,67318296,24352,3155408,0,0,2120,456,17336,1872,24,0,76,0,0
07/14/18 16:41:39,12,1,0,67317424,24400,3155396,0,0,10408,912,22879,4462,29,0,69,1,0
07/14/18 16:41:40,15,1,0,67317232,24440,3155396,0,0,7728,760,21953,4367,29,0,70,1,0
07/14/18 16:41:41,13,2,0,67317736,24488,3155408,0,0,7696,776,22227,3615,31,0,68,1,0
07/14/18 16:41:42,16,0,0,67317440,24536,3155412,0,0,12080,912,24895,5059,33,0,66,1,0
07/14/18 16:41:43,12,0,0,67316016,24576,3155428,0,0,6184,764,18894,3201,24,0,75,1,0
07/14/18 16:41:44,13,0,0,67315920,24600,3155432,0,0,5696,456,20309,2932,28,0,71,1,0
07/14/18 16:41:45,12,0,0,67315904,24648,3155416,0,0,13200,1064,25709,5174,34,0,65,1,0
07/14/18 16:41:46,13,0,0,67315936,24696,3155384,0,0,11840,820,22620,4866,29,0,70,1,0
07/14/18 16:41:47,14,0,0,67316120,24736,3155448,0,0,12912,760,24698,5036,31,0,67,1,0
07/14/18 16:41:48,11,0,0,67316088,24776,3155408,0,0,5656,760,20942,3102,28,0,71,1,0
07/14/18 16:41:49,11,0,0,67315824,24824,3155424,0,0,10280,926,20875,4558,25,0,73,1,0
07/14/18 16:41:50,17,1,0,67316032,24864,3155424,0,0,11600,1242,20887,4769,27,0,72,1,0
07/14/18 16:41:51,13,1,0,67316056,24912,3155420,0,0,19808,784,26642,7075,32,0,66,2,0
07/14/18 16:41:52,9,0,0,67315408,24944,3155392,0,0,7280,628,17997,3591,22,0,77,1,0
07/14/18 16:41:53,12,2,0,67315280,24992,3155464,0,0,8784,916,23212,4120,31,0,68,1,0
07/14/18 16:41:54,12,1,0,67314784,25040,3155416,0,0,14344,944,26458,5501,34,0,64,1,0
07/14/18 16:41:55,15,1,0,67313424,25080,3155452,0,0,11152,760,23314,5098,30,0,68,1,0
07/14/18 16:41:56,15,0,0,67312944,25136,3155444,0,0,12552,928,21692,5155,26,0,72,1,0
07/14/18 16:41:57,10,1,0,67312056,25192,3155460,0,0,9808,1064,21941,4359,28,0,71,1,0
07/14/18 16:41:58,14,0,0,67311824,25224,3155468,0,0,6352,616,19956,3153,28,0,71,1,0
07/14/18 16:41:59,13,0,0,67311560,25272,3155424,0,0,8152,912,23548,3925,32,0,67,1,0
07/14/18 16:42:00,13,1,0,67311208,25312,3155468,0,0,8280,792,22481,4635,30,0,69,1,0
07/14/18 16:42:01,16,0,0,67311120,25352,3155484,0,0,8384,624,20807,3886,28,0,71,1,0
07/14/18 16:42:02,13,0,0,67311088,25400,3155440,0,0,5152,916,20212,2939,28,0,71,1,0
07/14/18 16:42:03,20,0,0,67310568,25432,3155408,0,0,6224,608,22898,3063,34,0,65,1,0
07/14/18 16:42:04,10,0,0,67309888,25472,3155472,0,0,7016,760,22744,3526,31,0,68,1,0
07/14/18 16:42:05,14,1,0,67309344,25512,3155488,0,0,4632,776,20298,2732,29,0,70,1,0
07/14/18 16:42:06,13,1,0,67307824,25568,3155488,0,0,12792,928,21631,5119,27,0,71,1,0
07/14/18 16:42:07,15,0,0,67307568,25608,3155484,0,0,8368,64870,26625,8507,30,0,68,1,0
07/14/18 16:42:08,15,1,0,67306336,25648,3155496,0,0,13336,760,23818,5212,30,0,69,1,0
07/14/18 16:42:09,8,2,0,67306712,25680,3155508,0,0,6224,608,19019,3220,26,0,74,1,0
07/14/18 16:42:10,9,0,0,67306032,25728,3155460,0,0,11864,912,22586,5455,27,0,71,1,0
07/14/18 16:42:11,16,0,0,67305600,25776,3155492,0,0,8328,776,20791,3742,27,0,71,1,0
07/14/18 16:42:12,14,0,0,67305832,25824,3155496,0,0,9512,916,22817,4107,31,0,68,1,0
07/14/18 16:42:13,14,0,0,67306016,25864,3155504,0,0,5304,760,19843,2972,28,0,71,1,0
07/14/18 16:42:14,11,0,0,67305632,25896,3155520,0,0,5888,672,19203,3117,27,0,72,1,0
07/14/18 16:42:15,16,0,0,67305768,25936,3155524,0,0,11704,772,22841,4817,29,0,70,1,0
07/14/18 16:42:16,9,0,0,67305832,25984,3155524,0,0,7392,788,21648,3731,29,0,70,1,0
07/14/18 16:42:17,16,0,0,67305968,26024,3155544,0,0,19984,760,27943,7002,33,0,64,2,0
07/14/18 16:42:18,12,0,0,67305632,26064,3155540,0,0,16464,760,23792,6255,27,0,71,2,0
07/14/18 16:42:19,13,1,0,67306560,26096,3155544,0,0,13776,624,21490,5280,26,0,72,1,0
07/14/18 16:42:20,18,0,0,67306512,26144,3155520,0,0,13544,1076,24121,5301,31,0,68,1,0
07/14/18 16:42:21,12,0,0,67306096,26184,3155524,0,0,6088,648,20061,2976,29,0,71,1,0
07/14/18 16:42:22,7,0,0,67305864,26232,3155552,0,0,9272,925,21395,4366,28,0,71,1,0
07/14/18 16:42:23,18,1,0,67302800,26264,3155524,0,0,10528,608,21919,4435,28,0,70,1,0
07/14/18 16:42:24,9,2,0,67301184,26312,3155464,0,0,14136,1168,24384,5719,30,0,68,1,0
07/14/18 16:42:25,17,0,0,67301008,26344,3155432,0,0,16216,612,24808,6756,29,0,69,2,0
07/14/18 16:42:26,11,1,0,67300448,26408,3155464,0,0,9864,1292,24336,4737,31,0,67,1,0
07/14/18 16:42:27,20,1,0,67300544,26440,3155516,0,0,14520,608,24227,5585,32,0,67,1,0
07/14/18 16:42:28,14,0,0,67300312,26464,3155520,0,0,7496,456,23602,3636,34,0,65,1,0
07/14/18 16:42:29,9,0,0,67300016,26512,3155544,0,0,4752,912,20371,2892,28,0,71,1,0
07/14/18 16:42:30,13,0,0,67300128,26552,3155516,0,0,8168,760,21212,3911,28,0,71,1,0
07/14/18 16:42:31,19,0,0,67300128,26600,3155524,0,0,5480,780,18909,2926,26,0,74,1,0
07/14/18 16:42:32,12,0,0,67300448,26648,3155512,0,0,5464,916,25157,3159,36,0,63,1,0
07/14/18 16:42:33,13,0,0,67303904,26680,3155564,0,0,5268,620,19961,2997,28,0,72,1,0
07/14/18 16:42:34,14,0,0,67303952,26736,3155520,0,0,9552,1064,23457,4429,31,0,68,1,0
07/14/18 16:42:35,9,0,0,67303152,26776,3155532,0,0,6696,800,21810,3399,30,0,69,1,0
07/14/18 16:42:36,12,0,0,67302496,26816,3155516,0,0,2952,624,16009,2048,22,0,78,0,0
07/14/18 16:42:37,16,1,0,67302656,26864,3155556,0,0,4200,912,20990,2708,30,0,70,0,0
07/14/18 16:42:38,8,1,0,67301472,26896,3155584,0,0,12936,608,22624,5203,28,0,70,1,0
07/14/18 16:42:39,9,1,0,67301640,26936,3155588,0,0,8968,760,19251,4084,24,0,75,1,0
07/14/18 16:42:40,14,2,0,67301640,26984,3155544,0,0,15752,928,26799,6318,34,0,64,1,0
07/14/18 16:42:41,15,1,0,67301360,27024,3155596,0,0,15560,772,24430,5823,30,0,68,2,0
07/14/18 16:42:42,15,2,0,67300624,27080,3155560,0,0,8480,920,21896,4096,29,0,70,1,0
07/14/18 16:42:43,12,0,0,67300080,27120,3155580,0,0,5640,760,21592,2996,31,0,68,1,0
07/14/18 16:42:44,12,0,0,67300208,27152,3155604,0,0,13480,608,21509,5313,26,0,73,1,0
07/14/18 16:42:45,12,1,0,67300400,27200,3155584,0,0,4848,912,18603,2784,25,0,74,1,0
07/14/18 16:42:46,12,0,0,67300632,27240,3155592,0,0,4664,624,19652,2718,28,0,71,1,0
07/14/18 16:42:47,11,1,0,67299632,27280,3155600,0,0,14344,760,22105,5508,25,0,73,1,0
07/14/18 16:42:48,17,0,0,67299824,27312,3155604,0,0,15248,608,25435,5670,32,0,66,1,0
07/14/18 16:42:49,12,1,0,67299864,27368,3155596,0,0,12600,1064,25042,5068,33,0,66,1,0
07/14/18 16:42:50,14,0,0,67299968,27416,3155596,0,0,7344,928,21331,3934,28,0,72,1,0
07/14/18 16:42:51,8,0,0,67299424,27472,3155640,0,0,5464,932,19418,3028,26,0,73,1,0
07/14/18 16:42:52,13,0,0,67299904,27496,3155616,0,0,5168,508,18942,2908,25,0,74,1,0
07/14/18 16:42:53,16,0,0,67299776,27536,3155616,0,0,5632,760,22022,3287,31,0,68,1,0
07/14/18 16:42:54,14,1,0,67299720,27576,3155636,0,0,6056,824,21326,3320,31,0,68,1,0
07/14/18 16:42:55,13,2,0,67299824,27616,3155596,0,0,7784,912,23260,4290,31,0,68,1,0
07/14/18 16:42:56,15,0,0,67298576,27664,3155556,0,0,5080,812,21211,2829,30,0,69,0,0
07/14/18 16:42:57,15,0,0,67297472,27712,3155644,0,0,6608,912,21873,3472,31,0,68,1,0
07/14/18 16:42:58,13,0,0,67297280,27768,3155648,0,0,11824,1072,24524,5288,31,0,68,1,0
07/14/18 16:42:59,13,1,0,67297056,27808,3155672,0,0,14688,760,24477,5763,30,0,69,1,0
07/14/18 16:43:00,12,0,0,67297456,27848,3155640,0,0,4056,772,19086,3147,26,0,73,0,0
07/14/18 16:43:01,13,0,0,67296696,27896,3155688,0,0,3624,792,18288,2370,26,0,74,0,0
07/14/18 16:43:02,16,0,0,67297112,27928,3155712,0,0,9016,608,23804,4033,33,0,66,1,0
07/14/18 16:43:03,12,0,0,67293712,27976,3155664,0,0,8688,912,24924,4234,35,0,64,1,0
07/14/18 16:43:04,13,0,0,67293792,28000,3155716,0,0,15416,520,21798,5747,26,0,72,1,0
07/14/18 16:43:05,10,1,0,67294160,28032,3155724,0,0,8864,620,23553,4108,31,0,68,1,0
07/14/18 16:43:06,11,1,0,67294160,28080,3155676,0,0,13784,788,24072,5411,30,0,68,1,0
07/14/18 16:43:07,11,0,0,67292688,28128,3155724,0,0,14024,912,24935,5569,31,0,67,1,0
07/14/18 16:43:08,11,0,0,67293304,28168,3155732,0,0,13384,760,20952,5127,25,0,73,1,0
07/14/18 16:43:09,19,0,0,67293344,28200,3155724,0,0,10088,608,20192,4281,26,0,73,1,0
07/14/18 16:43:10,12,0,0,67293232,28240,3155720,0,0,5160,792,22104,3492,31,0,68,1,0
07/14/18 16:43:11,10,3,0,67294144,28288,3155736,0,0,13288,780,23048,5371,29,0,69,1,0
07/14/18 16:43:12,8,0,0,67294144,28328,3155696,0,0,8336,760,19373,3665,25,0,74,1,0
07/14/18 16:43:13,17,0,0,67294272,28368,3155752,0,0,5248,760,19108,2990,26,0,74,1,0
07/14/18 16:43:14,16,1,0,67293776,28408,3155712,0,0,7944,760,23127,3885,32,0,67,1,0
07/14/18 16:43:15,14,0,0,67293608,28448,3155744,0,0,6648,776,23227,3454,33,0,66,1,0
07/14/18 16:43:16,14,0,0,67293664,28504,3155756,0,0,6952,928,22725,3589,31,0,68,1,0
07/14/18 16:43:17,14,0,0,67293752,28536,3155760,0,0,2768,608,18862,2138,27,0,73,0,0
07/14/18 16:43:18,9,0,0,67293112,28576,3155780,0,0,5600,760,21658,3015,31,0,68,1,0
07/14/18 16:43:19,12,2,0,67292296,28624,3155836,0,0,11120,912,22792,4846,29,0,69,1,0
07/14/18 16:43:20,16,0,0,67292368,28672,3155788,0,0,6208,921,20894,3367,28,0,71,1,0
07/14/18 16:43:21,15,1,0,67291792,28712,3155812,0,0,3592,628,21854,2408,33,0,66,0,0
07/14/18 16:43:22,13,0,0,67291920,28752,3155820,0,0,5784,779,23035,3381,34,0,66,1,0
07/14/18 16:43:23,17,0,0,67292048,28792,3155780,0,0,8504,760,21974,3882,30,0,68,1,0
07/14/18 16:43:24,14,1,0,67291104,28840,3155824,0,0,9008,1120,22337,4154,31,0,68,1,0
07/14/18 16:43:25,12,0,0,67291256,28880,3155784,0,0,4960,812,19266,3225,26,0,73,1,0
07/14/18 16:43:26,9,0,0,67290784,28920,3155848,0,0,6984,65599,26642,7977,31,0,68,1,0
07/14/18 16:43:27,13,1,0,67290912,28960,3155808,0,0,4112,760,20082,2689,28,0,71,1,0
07/14/18 16:43:28,16,0,0,67290816,28992,3155888,0,0,8136,608,21751,3887,30,0,69,1,0
07/14/18 16:43:29,7,0,0,67290760,29032,3155848,0,0,5512,760,22831,3048,32,0,67,1,0
07/14/18 16:43:30,14,0,0,67291200,29064,3155860,0,0,14896,704,20856,5487,24,0,75,1,0
07/14/18 16:43:31,15,0,0,67291184,29112,3155828,0,0,4512,812,20368,2724,28,0,71,0,0
07/14/18 16:43:32,10,0,0,67291648,29160,3155852,0,0,7920,924,22987,3867,30,0,69,1,0
07/14/18 16:43:33,7,0,0,67291744,29200,3155872,0,0,7028,760,17990,3426,23,0,77,1,0
07/14/18 16:43:34,15,0,0,67291584,29240,3155848,0,0,12112,760,23471,4740,29,0,69,1,0
07/14/18 16:43:35,14,0,0,67290776,29288,3156048,0,0,13032,912,23103,5014,28,0,70,1,0
07/14/18 16:43:36,10,1,0,67290544,29336,3156000,0,0,12520,776,23493,4949,30,0,69,1,0
07/14/18 16:43:37,15,0,0,67291152,29384,3155912,0,0,5424,912,19781,3110,27,0,72,1,0
07/14/18 16:43:38,16,0,0,67291152,29424,3155916,0,0,4664,760,18846,2747,26,0,74,1,0
07/14/18 16:43:39,14,0,0,67291424,29464,3155920,0,0,10408,760,25763,4432,35,0,64,1,0
07/14/18 16:43:40,14,2,0,67290992,29504,3155880,0,0,12776,984,24469,5512,32,0,66,1,0
07/14/18 16:43:41,14,1,0,67289824,29552,3155872,0,0,9448,792,20340,4192,25,0,74,1,0
07/14/18 16:43:42,12,1,0,67290592,29592,3155932,0,0,14600,760,25074,5701,31,0,67,1,0
07/14/18 16:43:43,12,1,0,67290016,29632,3155932,0,0,12912,760,22676,4874,30,0,69,1,0
07/14/18 16:43:44,9,0,0,67289680,29680,3155916,0,0,6816,912,21435,3379,29,0,70,1,0
07/14/18 16:43:45,14,2,0,67289936,29736,3155924,0,0,12712,1100,22593,5036,28,0,70,1,0
07/14/18 16:43:46,13,0,0,67289200,29768,3155924,0,0,4800,484,17244,2359,25,0,75,0,0
07/14/18 16:43:47,14,0,0,67289552,29808,3155928,0,0,5560,760,22680,3214,31,0,69,1,0
07/14/18 16:43:48,11,1,0,67289552,29856,3155880,0,0,9176,912,23013,4083,31,0,68,1,0
07/14/18 16:43:49,11,0,0,67289200,29888,3155952,0,0,5824,608,17985,2993,24,0,76,1,0
07/14/18 16:43:50,16,0,0,67288848,29936,3155924,0,0,15496,986,24806,5982,32,0,66,2,0
07/14/18 16:43:51,18,1,0,67289088,29984,3155924,0,0,8656,776,23083,3847,32,0,67,1,0
07/14/18 16:43:52,12,1,0,67289112,30024,3155936,0,0,9040,780,25933,4262,35,0,64,1,0
07/14/18 16:43:53,12,0,0,67288976,30064,3155924,0,0,11288,760,21649,5078,26,0,72,1,0
07/14/18 16:43:54,9,0,0,67289072,30096,3155956,0,0,4184,736,20655,2828,28,0,71,1,0
07/14/18 16:43:55,16,0,0,67288992,30136,3155916,0,0,4040,760,21151,3339,30,0,70,1,0
07/14/18 16:43:56,12,1,0,67288408,30184,3155960,0,0,8592,776,23947,4004,33,0,66,1,0
07/14/18 16:43:57,14,2,0,67288552,30232,3155924,0,0,6320,912,21199,3452,28,0,71,1,0
07/14/18 16:43:58,11,0,0,67288544,30264,3155964,0,0,4912,620,20411,3053,27,0,72,1,0
07/14/18 16:43:59,13,0,0,67288560,30296,3156004,0,0,4632,608,19817,2712,28,0,72,0,0
07/14/18 16:44:00,12,0,0,67288880,30336,3155964,0,0,7104,820,20919,4228,27,0,72,1,0
07/14/18 16:44:01,15,1,0,67289152,30384,3155988,0,0,8576,788,22916,3961,32,0,67,1,0
07/14/18 16:44:02,13,1,0,67288712,30432,3155996,0,0,19528,912,25243,7035,29,0,69,2,0
07/14/18 16:44:03,14,1,0,67288712,30464,3155964,0,0,11712,608,22617,4901,28,0,70,1,0
07/14/18 16:44:04,12,0,0,67289048,30504,3155996,0,0,11312,760,25756,4749,34,0,65,1,0
07/14/18 16:44:05,11,1,0,67284064,30548,3156000,0,0,10256,1004,22047,4472,28,0,71,1,0
07/14/18 16:44:06,10,0,0,67284080,30608,3156000,0,0,9096,976,21574,4304,28,0,71,1,0
07/14/18 16:44:07,12,1,0,67283568,30640,3156012,0,0,5592,608,21305,3108,31,0,68,1,0
07/14/18 16:44:08,15,2,0,67283264,30680,3156024,0,0,13160,760,23631,5094,30,0,68,1,0
07/14/18 16:44:09,12,0,0,67281152,30728,3156016,0,0,14936,912,26725,5750,36,0,63,1,0
07/14/18 16:44:10,12,0,0,67280592,30768,3156040,0,0,5824,764,18204,3766,23,0,76,1,0
07/14/18 16:44:11,10,0,0,67280344,30816,3156064,0,0,12376,776,19666,4983,22,0,76,1,0
07/14/18 16:44:12,15,1,0,67280376,30856,3156024,0,0,6688,760,21656,3401,29,0,70,1,0
07/14/18 16:44:13,8,1,0,67280864,30896,3156060,0,0,8720,760,22607,4113,30,0,69,1,0
07/14/18 16:44:14,14,0,0,67280200,30944,3156076,0,0,6504,912,21464,3558,28,0,71,1,0
07/14/18 16:44:15,15,0,0,67284072,30976,3156044,0,0,4288,608,21199,2670,30,0,70,0,0
07/14/18 16:44:16,14,0,0,67282088,31024,3156088,0,0,3480,776,22056,2396,33,0,67,0,0
07/14/18 16:44:17,13,1,0,67281992,31072,3156076,0,0,10208,912,24302,4511,32,0,67,1,0
07/14/18 16:44:18,14,1,0,67282168,31112,3156092,0,0,19672,760,25408,7106,30,0,67,2,0
07/14/18 16:44:19,14,0,0,67282272,31152,3156100,0,0,10952,760,22678,4532,30,0,68,1,0
07/14/18 16:44:20,9,0,0,67282928,31176,3156080,0,0,2704,522,16138,2024,22,0,77,0,0
07/14/18 16:44:21,12,0,0,67283280,31224,3156108,0,0,15632,776,25099,5876,31,0,68,2,0
07/14/18 16:44:22,15,0,0,67283184,31264,3156124,0,0,9208,766,22073,4475,28,0,71,1,0
07/14/18 16:44:23,16,0,0,67283592,31312,3156096,0,0,10184,912,24525,4277,33,0,65,1,0
07/14/18 16:44:24,16,0,0,67256992,27896,3156704,0,0,7012,998,25081,4725,32,1,67,1,0
07/14/18 16:44:25,17,1,0,67241712,27944,3156156,0,0,6320,944,24537,4900,34,0,65,1,0
07/14/18 16:44:26,12,0,0,67212432,27992,3156184,0,0,8176,804,22487,4512,29,0,70,1,0
07/14/18 16:44:27,13,5,0,67184808,28032,3156464,0,0,9488,760,22631,4424,29,0,69,1,0
07/14/18 16:44:28,16,1,0,67082864,28072,3156464,0,0,14792,760,24054,5529,30,0,68,1,0
07/14/18 16:44:29,13,0,0,67209840,28104,3156456,0,0,12344,2208,24632,5392,31,1,67,1,0
07/14/18 16:44:30,15,0,0,67177968,28144,3156504,0,0,10544,764,24032,4923,31,0,68,1,0
07/14/18 16:44:31,16,0,0,67090312,28200,3156536,0,0,7296,928,24895,3800,34,0,64,1,0
07/14/18 16:44:32,11,1,0,67207488,28248,3156488,0,0,5520,912,20160,3183,27,1,72,1,0
07/14/18 16:44:33,10,1,0,67189336,28280,3156532,0,0,9972,608,21202,4266,28,0,71,1,0
07/14/18 16:44:34,9,1,0,67097092,28320,3156544,0,0,6064,760,19911,3449,26,0,73,1,0
07/14/18 16:44:35,18,2,0,67252096,13008,3156140,0,0,18972,1168,26400,5574,32,1,66,1,0
07/14/18 16:44:36,14,0,0,67246688,18716,3156588,0,0,17048,760,25110,4754,31,1,68,1,0
07/14/18 16:44:37,16,1,0,67275936,18756,3156512,0,0,9824,760,20585,4591,26,0,73,1,0
07/14/18 16:44:38,11,1,0,67276224,18788,3156480,0,0,13960,608,23450,5536,28,0,70,1,0
07/14/18 16:44:39,14,1,0,67277304,18836,3156516,0,0,11312,912,24627,4717,33,0,66,1,0
07/14/18 16:44:40,15,0,0,67277712,18876,3156480,0,0,4784,764,21737,3300,31,0,69,1,0
07/14/18 16:44:41,15,2,0,67278688,18916,3156520,0,0,7528,624,22210,3525,31,0,68,1,0
07/14/18 16:44:42,11,1,0,67279352,18964,3156512,0,0,6928,976,22966,3505,32,0,67,1,0
07/14/18 16:44:43,14,0,0,67278896,19004,3156540,0,0,9168,760,20220,3965,26,0,73,1,0
07/14/18 16:44:44,11,1,0,67278928,19052,3156460,0,0,12584,912,25280,5101,33,0,65,1,0
07/14/18 16:44:45,10,0,0,67279264,19084,3156528,0,0,8104,672,21376,3732,28,0,71,1,0
07/14/18 16:44:46,13,2,0,67279384,19132,3156480,0,0,10080,68018,23853,8711,26,0,72,1,0
07/14/18 16:44:47,15,0,0,67279184,19172,3156496,0,0,7304,760,22325,3675,31,0,68,1,0
07/14/18 16:44:48,12,0,0,67279568,19220,3156464,0,0,7792,912,20797,3678,27,0,72,1,0
07/14/18 16:44:49,23,0,0,67280288,19252,3156508,0,0,3656,608,21087,2363,31,0,68,0,0
07/14/18 16:44:50,13,0,0,67280272,19300,3156460,0,0,5656,957,22659,3155,31,0,68,1,0
07/14/18 16:44:51,11,1,0,67280336,19340,3156472,0,0,4824,624,20030,2660,29,0,70,1,0
07/14/18 16:44:52,12,0,0,67281168,19380,3156468,0,0,5168,810,21619,3216,30,0,70,1,0
07/14/18 16:44:53,11,0,0,67281248,19428,3156460,0,0,6976,912,22617,3647,31,0,68,1,0
07/14/18 16:44:54,14,1,0,67282192,19460,3156492,0,0,12184,864,19626,4900,24,0,75,1,0
07/14/18 16:44:55,11,1,0,67282040,19484,3156468,0,0,10224,456,23110,4881,30,0,69,1,0
07/14/18 16:44:56,15,0,0,67281816,19548,3156488,0,0,14184,1096,25497,5614,32,0,66,1,0
07/14/18 16:44:57,13,0,0,67282272,19588,3156492,0,0,14440,760,22998,5470,27,0,71,1,0
07/14/18 16:44:58,6,1,0,67282224,19628,3156452,0,0,3736,772,18316,2458,26,0,74,0,0
07/14/18 16:44:59,13,0,0,67282128,19660,3156484,0,0,6848,608,20659,3369,29,0,70,1,0
07/14/18 16:45:00,12,0,0,67282464,19708,3156484,0,0,13848,916,25208,6017,30,0,68,1,0
07/14/18 16:45:01,10,1,0,67282600,19764,3156524,0,0,4496,928,19579,2787,27,0,72,0,0
07/14/18 16:45:02,12,0,0,67282568,19804,3156484,0,0,4496,1007,18798,2942,26,0,73,0,0
07/14/18 16:45:03,12,0,0,67283336,19844,3156500,0,0,4216,760,21173,2607,32,0,68,0,0
07/14/18 16:45:04,13,0,0,67283280,19892,3156500,0,0,9288,912,23134,4217,30,0,69,1,0
07/14/18 16:45:05,12,1,0,67283792,19940,3156536,0,0,9472,912,20290,4222,25,0,74,1,0
07/14/18 16:45:06,13,0,0,67283792,19996,3156480,0,0,8160,928,23566,3811,33,0,66,1,0
07/14/18 16:45:07,13,0,0,67283272,20036,3156524,0,0,5912,764,20752,3206,28,0,71,1,0
07/14/18 16:45:08,15,1,0,67283648,20076,3156524,0,0,11744,760,23530,4773,30,0,68,1,0
07/14/18 16:45:09,12,0,0,67283304,20132,3156488,0,0,6376,1068,21892,3401,30,0,69,1,0
07/14/18 16:45:10,9,0,0,67282688,20196,3156520,0,0,7152,948,22694,4110,30,0,69,1,0
07/14/18 16:45:11,12,0,0,67282696,20236,3156480,0,0,4088,660,19190,2403,28,0,72,0,0
07/14/18 16:45:12,12,0,0,67283072,20276,3156544,0,0,5944,760,21176,3214,29,0,70,1,0
07/14/18 16:45:13,13,0,0,67282608,20308,3156592,0,0,4880,608,20042,2774,28,0,71,1,0
07/14/18 16:45:14,13,1,0,67282608,20348,3156552,0,0,4848,760,19792,2989,27,0,72,1,0
07/14/18 16:45:15,10,1,0,67281152,20392,3156748,0,0,8864,760,23464,4234,31,0,68,1,0
07/14/18 16:45:16,14,1,0,67281040,20432,3157084,0,0,5576,640,21437,3064,30,0,70,1,0
07/14/18 16:45:17,13,0,0,67281040,20472,3157044,0,0,11936,760,25769,4880,34,0,64,1,0
07/14/18 16:45:18,13,0,0,67280880,20512,3157028,0,0,5176,760,20536,2993,29,0,70,1,0
07/14/18 16:45:19,15,1,0,67280912,20552,3157020,0,0,4904,764,19495,2699,28,0,72,1,0
07/14/18 16:45:20,8,2,0,67281440,20584,3157036,0,0,7616,631,20008,3788,26,0,73,1,0
07/14/18 16:45:21,14,0,0,67282176,20640,3157044,0,0,9656,928,22418,4401,29,0,70,1,0
07/14/18 16:45:22,13,1,0,67282176,20688,3156996,0,0,4832,1088,21130,3178,29,0,71,1,0
07/14/18 16:45:23,13,0,0,67282144,20720,3157052,0,0,6600,608,22340,3272,32,0,67,1,0
07/14/18 16:45:24,14,1,0,67282064,20760,3157044,0,0,5480,792,21771,3117,30,0,69,1,0
07/14/18 16:45:25,18,0,0,67282008,20808,3157048,0,0,5216,912,21463,3701,29,0,70,1,0
07/14/18 16:45:26,13,0,0,67281272,20856,3157076,0,0,8464,776,22540,4001,30,0,69,1,0
07/14/18 16:45:27,15,0,0,67281272,20904,3157028,0,0,6480,912,21357,3380,29,0,70,1,0
07/14/18 16:45:28,12,0,0,67281680,20952,3157056,0,0,6920,912,21125,3383,29,0,70,1,0
07/14/18 16:45:29,6,2,0,67281896,20984,3157088,0,0,5624,612,22817,3213,32,0,67,1,0
07/14/18 16:45:30,12,0,0,67281896,21024,3157048,0,0,9824,760,21161,4374,27,0,72,1,0
07/14/18 16:45:31,14,1,0,67281440,21072,3157068,0,0,13072,836,23696,5098,31,0,67,2,0
07/14/18 16:45:32,16,1,0,67281040,21120,3157120,0,0,15432,920,24490,5862,30,0,68,2,0
07/14/18 16:45:33,8,0,0,67280792,21152,3157088,0,0,16644,608,21182,5987,23,0,74,2,0
07/14/18 16:45:34,17,0,0,67280848,21200,3157132,0,0,13160,912,23720,5417,29,0,69,2,0
07/14/18 16:45:35,13,0,0,67280968,21224,3157108,0,0,3048,520,19303,2267,27,0,72,0,0
07/14/18 16:45:36,14,2,0,67280464,21264,3157136,0,0,4920,624,20431,2853,30,0,69,1,0
07/14/18 16:45:37,10,0,0,67280768,21312,3157148,0,0,13632,912,23409,5659,28,0,70,1,0
07/14/18 16:45:38,13,0,0,67280656,21344,3157124,0,0,6680,608,19852,3394,26,0,73,1,0
07/14/18 16:45:39,11,1,0,67280320,21384,3157152,0,0,6656,764,22427,3417,32,0,67,1,0
07/14/18 16:45:40,13,1,0,67280616,21424,3157116,0,0,9744,760,22051,4606,29,0,70,1,0
07/14/18 16:45:41,14,2,0,67279832,21480,3157144,0,0,9464,1076,20494,4137,26,0,73,1,0
07/14/18 16:45:42,19,0,0,67279648,21520,3157168,0,0,6488,612,21982,3390,30,0,69,1,0
07/14/18 16:45:43,14,1,0,67279416,21568,3157152,0,0,7760,912,24140,3832,34,0,65,1,0
07/14/18 16:45:44,12,0,0,67279072,21608,3157148,0,0,8584,760,23165,3893,32,0,67,1,0
07/14/18 16:45:45,10,1,0,67279312,21632,3157172,0,0,3344,456,18757,2376,27,0,72,0,0
07/14/18 16:45:46,15,1,0,67279808,21684,3157208,0,0,10556,1468,23993,4656,31,0,67,1,0
07/14/18 16:45:47,15,0,0,67275824,21740,3157152,0,0,6624,1064,22853,3400,32,0,67,1,0
07/14/18 16:45:48,14,0,0,67275280,21772,3157184,0,0,3944,608,18502,2544,25,0,74,1,0
07/14/18 16:45:49,13,0,0,67273952,21820,3157172,0,0,7944,916,22246,3791,30,0,68,1,0
07/14/18 16:45:50,14,1,0,67273984,21868,3157176,0,0,8464,923,22560,4028,30,0,69,1,0
07/14/18 16:45:51,16,0,0,67273216,21924,3157208,0,0,13216,944,24682,5121,32,0,67,2,0
07/14/18 16:45:52,11,1,0,67273400,21956,3157176,0,0,5016,614,21945,2891,32,0,67,1,0
07/14/18 16:45:53,13,0,0,67273520,21996,3157212,0,0,9992,760,20253,4308,26,0,73,1,0
07/14/18 16:45:54,12,1,0,67273640,22044,3157208,0,0,7920,912,19652,4025,24,0,75,1,0
07/14/18 16:45:55,11,0,0,67274232,22084,3157220,0,0,5440,792,22147,3833,30,0,69,1,0
07/14/18 16:45:56,14,1,0,67273936,22124,3157192,0,0,9584,648,21634,4043,28,0,71,1,0
07/14/18 16:45:57,16,0,0,67277064,22172,3157256,0,0,9488,912,25189,4407,33,0,65,1,0
07/14/18 16:45:58,11,1,0,67276064,22212,3157216,0,0,4488,780,20272,2611,29,0,70,1,0
07/14/18 16:45:59,13,0,0,67276368,22252,3157260,0,0,10952,760,20397,4463,25,0,74,1,0
07/14/18 16:46:00,12,1,0,67276352,22292,3157220,0,0,7488,760,22397,4148,31,0,68,1,0
07/14/18 16:46:01,9,0,0,67276160,22332,3157248,0,0,3872,640,16666,2426,23,0,76,0,0
07/14/18 16:46:02,14,1,0,67276144,22364,3157228,0,0,10664,608,18539,4474,22,0,77,1,0
07/14/18 16:46:03,16,0,0,67275384,22412,3157284,0,0,6888,912,23592,3543,33,0,66,1,0
07/14/18 16:46:04,17,2,0,67275432,22444,3157272,0,0,13448,608,26249,5274,36,0,63,1,0
07/14/18 16:46:05,12,1,0,67275312,22484,3157292,0,0,6320,760,22587,3382,32,0,67,1,0
07/14/18 16:46:06,11,0,0,67275312,22548,3157232,0,0,7328,55455,27721,6956,34,0,65,1,0
07/14/18 16:46:07,13,1,0,67275184,22580,3157276,0,0,3864,11023,20227,4056,27,0,72,0,0
07/14/18 16:46:08,9,0,0,67274480,22628,3157296,0,0,4768,916,19835,2931,26,0,73,1,0
07/14/18 16:46:09,12,0,0,67273952,22668,3157256,0,0,4040,760,21124,2397,32,0,68,0,0
07/14/18 16:46:10,12,0,0,67274288,22700,3157308,0,0,4296,608,20809,3346,28,0,71,0,0
07/14/18 16:46:11,17,1,0,67274304,22748,3157260,0,0,6536,904,21429,3356,29,0,70,1,0
07/14/18 16:46:12,14,0,0,67273656,22796,3157296,0,0,9072,784,25408,4268,35,0,63,1,0
07/14/18 16:46:13,15,0,0,67273216,22836,3157304,0,0,9416,760,22252,4167,30,0,69,1,0
07/14/18 16:46:14,15,0,0,67273712,22884,3157300,0,0,9848,912,23509,4570,30,0,69,1,0
07/14/18 16:46:15,10,0,0,67273664,22924,3157332,0,0,3360,760,19235,2361,27,0,72,0,0
07/14/18 16:46:16,13,1,0,67273144,22964,3157300,0,0,8848,652,23526,3941,32,0,67,1,0
07/14/18 16:46:17,15,3,0,67273744,23004,3157356,0,0,14832,760,22449,5695,26,0,72,1,0
07/14/18 16:46:18,12,0,0,67273744,23044,3157316,0,0,4416,764,18411,2600,26,0,73,1,0
07/14/18 16:46:19,11,0,0,67273376,23084,3157328,0,0,4888,760,19524,2828,27,0,72,1,0
07/14/18 16:46:20,12,0,0,67273616,23128,3157320,0,0,10144,928,23609,4385,31,0,68,1,0
07/14/18 16:46:21,13,0,0,67273840,23180,3157340,0,0,9632,972,24341,4267,33,0,66,1,0
07/14/18 16:46:22,12,1,0,67273536,23220,3157340,0,0,8288,776,22319,4113,29,0,70,1,0
07/14/18 16:46:23,7,0,0,67273680,23260,3157340,0,0,7776,764,17475,3459,21,0,78,1,0
07/14/18 16:46:24,16,0,0,67273504,23292,3157360,0,0,5008,608,18929,2731,26,0,73,1,0
07/14/18 16:46:25,14,0,0,67273696,23324,3157372,0,0,7224,928,22519,3849,32,0,67,1,0
07/14/18 16:46:26,12,0,0,67273808,23364,3157360,0,0,5624,652,19234,2956,26,0,73,1,0
07/14/18 16:46:27,15,3,0,67274288,23404,3157380,0,0,4208,760,21884,2868,31,0,68,0,0
07/14/18 16:46:28,16,0,0,67274968,23444,3157376,0,0,6616,760,20613,3441,27,0,72,1,0
07/14/18 16:46:29,13,1,0,67275056,23492,3157404,0,0,7384,916,23284,3747,33,0,66,1,0
07/14/18 16:46:30,13,1,0,67274800,23540,3157368,0,0,9864,912,22570,4424,29,0,69,1,0
07/14/18 16:46:31,12,0,0,67274688,23580,3157412,0,0,9416,644,20651,4022,26,0,72,1,0
07/14/18 16:46:32,15,0,0,67274304,23628,3157384,0,0,5200,924,20214,3008,28,0,71,1,0
07/14/18 16:46:33,13,0,0,67273912,23668,3157412,0,0,6140,760,23759,3285,34,0,65,1,0
07/14/18 16:46:34,11,0,0,67273872,23716,3157416,0,0,4056,912,21091,2679,31,0,68,0,0
07/14/18 16:46:35,14,0,0,67273360,23756,3157412,0,0,3960,1079,20129,2906,28,0,71,1,0
07/14/18 16:46:36,11,0,0,67271488,23804,3157436,0,0,4696,836,20272,2860,28,0,71,1,0
07/14/18 16:46:37,12,1,0,67271392,23836,3157404,0,0,5112,608,20334,2940,28,0,71,1,0
07/14/18 16:46:38,12,0,0,67271456,23884,3157432,0,0,11224,916,24551,4894,32,0,66,1,0
07/14/18 16:46:39,14,0,0,67270328,23916,3157464,0,0,5936,608,20179,3121,28,0,71,1,0
07/14/18 16:46:40,14,1,0,67270320,23952,3157428,0,0,4232,760,20019,3129,28,0,71,0,0
07/14/18 16:46:41,13,1,0,67270440,24004,3157444,0,0,10448,792,21959,4434,28,0,71,1,0
07/14/18 16:46:42,16,0,0,67269504,24060,3157456,0,0,12360,1064,23670,5110,31,0,68,1,0
07/14/18 16:46:43,15,1,0,67269000,24092,3157424,0,0,4232,608,23687,2519,35,0,64,0,0
07/14/18 16:46:44,5,1,0,67269032,24124,3157468,0,0,6272,608,19919,3285,26,0,73,1,0
07/14/18 16:46:45,12,0,0,67269576,24156,3157468,0,0,3768,608,17226,2380,24,0,75,0,0
07/14/18 16:46:46,13,2,0,67269408,24204,3157460,0,0,11912,796,22006,4948,27,0,72,1,0
07/14/18 16:46:47,9,0,0,67268952,24252,3157428,0,0,5312,912,19507,2954,26,0,73,1,0
07/14/18 16:46:48,15,0,0,67269232,24284,3157492,0,0,7296,612,20901,3454,27,0,72,1,0
07/14/18 16:46:49,11,1,0,67268736,24324,3157452,0,0,7488,760,21644,3534,30,0,69,1,0
07/14/18 16:46:50,14,0,0,67268624,24372,3157476,0,0,17304,938,24876,6502,29,0,69,2,0
07/14/18 16:46:51,10,1,0,67268672,24420,3157476,0,0,9672,793,19699,4102,26,0,73,1,0
07/14/18 16:46:52,17,2,0,67268400,24452,3157500,0,0,6936,610,21458,3414,30,0,69,1,0
07/14/18 16:46:53,11,0,0,67268432,24492,3157496,0,0,6424,764,20417,3368,28,0,71,1,0
07/14/18 16:46:54,15,0,0,67268344,24540,3157488,0,0,7648,912,23017,4043,30,0,69,1,0
07/14/18 16:46:55,16,1,0,67268336,24588,3157496,0,0,6800,976,22858,3865,32,0,67,1,0
07/14/18 16:46:56,14,0,0,67268440,24652,3157476,0,0,8408,1224,23916,3982,32,0,67,1,0
07/14/18 16:46:57,13,1,0,67268344,24700,3157492,0,0,4928,916,23462,2969,33,0,66,1,0
07/14/18 16:46:58,16,0,0,67268016,24732,3157524,0,0,4984,616,19933,2970,28,0,71,1,0
07/14/18 16:46:59,11,0,0,67267888,24772,3157484,0,0,4448,760,21335,2717,31,0,68,0,0
07/14/18 16:47:00,14,0,0,67267520,24812,3157516,0,0,7288,760,23016,4364,31,0,68,1,0
07/14/18 16:47:01,13,0,0,67267264,24860,3157468,0,0,5688,816,21834,3046,31,0,69,1,0
07/14/18 16:47:02,21,1,0,67266880,24892,3157524,0,0,4952,608,23456,3180,32,0,67,1,0
07/14/18 16:47:03,14,0,0,67266552,24940,3157568,0,0,4984,912,22797,3014,33,0,66,1,0
07/14/18 16:47:04,16,1,0,67266824,24972,3157536,0,0,3280,608,18565,2243,27,0,72,0,0
07/14/18 16:47:05,17,0,0,67266976,25020,3157520,0,0,5952,912,22397,3138,32,0,68,1,0
07/14/18 16:47:06,8,0,0,67267160,25052,3157548,0,0,6272,484,17464,3193,22,0,77,1,0
07/14/18 16:47:07,15,0,0,67267392,25092,3157568,0,0,5104,760,21344,3086,30,0,70,1,0
07/14/18 16:47:08,16,0,0,67267928,25132,3157536,0,0,7144,764,23671,3623,33,0,66,1,0
07/14/18 16:47:09,10,1,0,67267216,25172,3157548,0,0,8576,760,23302,4133,31,0,68,1,0
07/14/18 16:47:10,14,0,0,67267728,25212,3157544,0,0,11176,760,22855,5364,28,0,70,1,0
07/14/18 16:47:11,12,0,0,67267472,25268,3157540,0,0,6352,980,21176,3425,29,0,71,1,0
07/14/18 16:47:12,10,0,0,67267440,25308,3157572,0,0,4704,760,20832,2837,30,0,70,1,0
07/14/18 16:47:13,15,2,0,67267440,25348,3157548,0,0,7288,760,22500,3550,31,0,68,1,0
07/14/18 16:47:14,14,0,0,67266136,25396,3157600,0,0,6400,912,19495,3582,25,0,74,1,0
07/14/18 16:47:15,13,1,0,67266312,25428,3157572,0,0,9088,672,22078,3986,29,0,70,1,0
07/14/18 16:47:16,12,0,0,67266368,25480,3157556,0,0,7516,776,23034,3655,32,0,67,1,0
07/14/18 16:47:17,17,0,0,67266256,25512,3157600,0,0,3944,608,18668,2505,26,0,73,1,0
07/14/18 16:47:18,14,2,0,67265888,25560,3157580,0,0,12640,916,23860,5156,30,0,69,1,0
07/14/18 16:47:19,11,1,0,67265888,25608,3157600,0,0,14056,912,24153,5519,30,0,68,1,0
07/14/18 16:47:20,14,0,0,67265344,25640,3157568,0,0,9272,616,23864,4051,33,0,66,1,0
07/14/18 16:47:21,14,0,0,67265208,25680,3157620,0,0,6176,649,18850,3058,26,0,74,1,0
07/14/18 16:47:22,12,0,0,67265424,25728,3157584,0,0,9224,912,21641,4389,28,0,71,1,0
07/14/18 16:47:23,18,0,0,67264912,25760,3157628,0,0,9768,616,24181,4226,33,0,66,1,0
07/14/18 16:47:24,10,0,0,67264672,25824,3157564,0,0,7864,1216,23803,3658,33,0,66,1,0
07/14/18 16:47:25,11,1,0,67264176,25864,3157656,0,0,6768,968,19651,3983,25,0,74,1,0
07/14/18 16:47:26,17,0,0,67264336,25912,3157748,0,0,7648,4841,20646,3818,27,0,72,1,0
07/14/18 16:47:27,6,0,0,67263344,25944,3157716,0,0,4048,64261,23642,7294,27,0,72,0,0
07/14/18 16:47:28,14,1,0,67262544,25984,3157776,0,0,7904,760,19464,3769,25,0,74,1,0
07/14/18 16:47:29,14,0,0,67258016,26016,3157744,0,0,4592,608,22821,2729,33,0,66,0,0
07/14/18 16:47:30,14,0,0,67257112,26048,3157780,0,0,4472,608,22113,2875,31,0,68,0,0
07/14/18 16:47:31,12,0,0,67257312,26104,3157768,0,0,4888,1096,21340,2871,30,0,69,1,0
07/14/18 16:47:32,13,0,0,67258896,26144,3157784,0,0,4824,772,21459,2858,31,0,69,1,0
07/14/18 16:47:33,15,1,0,67258792,26184,3157744,0,0,5876,760,21161,3070,30,0,69,1,0
07/14/18 16:47:34,16,0,0,67258784,26224,3157768,0,0,4152,760,20445,2762,28,0,71,1,0
07/14/18 16:47:35,12,0,0,67257632,26256,3157772,0,0,3560,608,22207,2490,32,0,67,0,0
07/14/18 16:47:36,11,1,0,67257632,26304,3157724,0,0,7128,776,22075,3473,30,0,69,1,0
07/14/18 16:47:37,13,0,0,67256968,26352,3157784,0,0,8584,912,22500,4162,29,0,70,1,0
07/14/18 16:47:38,12,1,0,67257024,26392,3157736,0,0,4688,764,18934,2783,26,0,74,0,0
07/14/18 16:47:39,11,0,0,67260968,26432,3157800,0,0,6912,760,20210,3325,27,0,72,1,0
07/14/18 16:47:40,12,2,0,67261136,26472,3157760,0,0,12352,760,23358,5700,29,0,70,1,0
07/14/18 16:47:41,14,0,0,67261472,26536,3157760,0,0,14432,1096,23656,5559,29,0,69,2,0
07/14/18 16:47:42,8,0,0,67261264,26568,3157800,0,0,4432,608,17798,2608,24,0,75,1,0
07/14/18 16:47:43,14,0,0,67261264,26608,3157760,0,0,5600,760,19931,2821,28,0,71,1,0
07/14/18 16:47:44,11,1,0,67261208,26648,3157816,0,0,5696,760,21308,3209,28,0,71,1,0
07/14/18 16:47:45,18,0,0,67261208,26688,3157776,0,0,6192,760,22205,3268,31,0,68,1,0
07/14/18 16:47:46,11,0,0,67261776,26744,3157828,0,0,6616,948,23805,3466,34,0,65,1,0
07/14/18 16:47:47,17,2,0,67262008,26784,3157792,0,0,6832,764,18257,3355,23,0,76,1,0
07/14/18 16:47:48,12,1,0,67261552,26824,3157800,0,0,11032,760,23316,4494,32,0,67,1,0
07/14/18 16:47:49,13,1,0,67261824,26856,3157840,0,0,14768,608,22780,5630,28,0,71,1,0
07/14/18 16:47:50,8,0,0,67261344,26912,3157796,0,0,8784,1073,21836,4016,29,0,70,1,0
07/14/18 16:47:51,12,0,0,67261352,26944,3157840,0,0,2424,532,17296,1765,25,0,74,0,0
07/14/18 16:47:52,16,0,0,67261288,26984,3157880,0,0,5512,760,23582,3336,34,0,66,1,0
07/14/18 16:47:53,13,0,0,67261072,27024,3157860,0,0,4992,785,19397,3124,27,0,73,1,0
07/14/18 16:47:54,16,2,0,67261424,27064,3157860,0,0,5872,760,21879,3421,30,0,69,1,0
07/14/18 16:47:55,12,2,0,67260960,27112,3157876,0,0,4488,190880,23652,3879,33,0,66,1,0
07/14/18 16:47:56,17,1,0,67260656,27160,3157852,0,0,4672,689568,26294,4599,33,1,65,2,0
07/14/18 16:47:57,12,0,0,67260512,27200,3157852,0,0,4112,154588,21438,3033,30,0,69,1,0
07/14/18 16:47:58,15,0,0,67260552,27240,3157888,0,0,12896,768,23550,5211,29,0,70,1,0
07/14/18 16:47:59,12,0,0,67260600,27272,3157856,0,0,6520,608,21330,3306,30,0,69,1,0
07/14/18 16:48:00,15,0,0,67260464,27312,3157876,0,0,3984,764,20021,3191,27,0,72,0,0
07/14/18 16:48:01,10,0,0,67260880,27352,3157904,0,0,4904,624,24047,2994,35,0,64,1,0
07/14/18 16:48:02,14,0,0,67260544,27392,3157856,0,0,9648,760,23583,4450,31,0,68,1,0
07/14/18 16:48:03,15,1,0,67259184,27448,3157900,0,0,15024,1064,23752,5928,28,0,70,1,0
07/14/18 16:48:04,15,0,0,67259344,27488,3157892,0,0,4776,760,20131,2812,28,0,72,1,0
07/14/18 16:48:05,15,1,0,67259584,27520,3157900,0,0,8104,608,23410,3786,33,0,66,1,0
07/14/18 16:48:06,13,0,0,67259712,27564,3157860,0,0,8952,848,21531,4139,27,0,72,1,0
07/14/18 16:48:07,12,0,0,67259776,27612,3157872,0,0,7656,916,20851,3746,28,0,71,1,0
07/14/18 16:48:08,16,1,0,67259152,27644,3157892,0,0,6856,608,20905,3331,28,0,71,1,0
07/14/18 16:48:09,12,1,0,67259208,27684,3157864,0,0,6864,760,20857,3515,27,0,72,1,0
07/14/18 16:48:10,17,0,0,67258944,27732,3157876,0,0,8744,908,23036,4553,32,0,67,1,0
07/14/18 16:48:11,15,0,0,67258432,27780,3157876,0,0,9376,816,23440,4203,32,0,67,1,0
07/14/18 16:48:12,11,0,0,67258720,27820,3157904,0,0,10568,760,18695,4594,21,0,77,1,0
07/14/18 16:48:13,15,0,0,67258736,27860,3157864,0,0,6768,760,20428,3352,28,0,71,1,0
07/14/18 16:48:14,15,0,0,67258800,27892,3157920,0,0,4248,608,20999,2825,30,0,70,0,0
07/14/18 16:48:15,12,0,0,67259160,27932,3157928,0,0,5456,760,23481,3129,34,0,65,1,0
07/14/18 16:48:16,13,1,0,67258816,27980,3157888,0,0,4472,776,17770,2587,24,0,75,1,0
07/14/18 16:48:17,14,0,0,67259008,28028,3157888,0,0,5896,916,23524,3178,33,0,66,1,0
07/14/18 16:48:18,19,0,0,67259024,28076,3157924,0,0,7376,912,24189,3735,34,0,65,1,0
07/14/18 16:48:19,9,0,0,67259024,28116,3157884,0,0,11392,760,24584,4996,32,0,67,1,0
07/14/18 16:48:20,14,0,0,67258368,28164,3157944,0,0,7736,921,19443,3749,26,0,73,1,0
07/14/18 16:48:21,13,0,0,67257936,28220,3157960,0,0,7928,1390,22158,4042,30,0,69,1,0
07/14/18 16:48:22,15,0,0,67258176,28268,3157912,0,0,6056,912,21180,3486,29,0,70,1,0
07/14/18 16:48:23,16,0,0,67257872,28308,3157912,0,0,4776,776,22834,2893,32,0,67,1,0
07/14/18 16:48:24,16,0,0,67257264,28348,3157948,0,0,4376,760,22630,2687,34,0,66,0,0
07/14/18 16:48:25,14,1,0,67257016,28380,3157916,0,0,4400,881,20938,3438,30,0,69,0,0
07/14/18 16:48:26,15,0,0,67256984,28428,3157952,0,0,7416,812,20653,3695,28,0,71,1,0
07/14/18 16:48:27,14,0,0,67256768,28476,3157976,0,0,6120,916,23458,3541,34,0,65,1,0
07/14/18 16:48:28,9,0,0,67256808,28516,3157936,0,0,6184,760,20962,3307,28,0,71,1,0
07/14/18 16:48:29,12,1,0,67256552,28564,3157948,0,0,3968,912,17392,2706,23,0,76,1,0
07/14/18 16:48:30,12,0,0,67257072,28604,3158000,0,0,7064,760,23838,3698,33,0,66,1,0
07/14/18 16:48:31,12,1,0,67257216,28652,3157988,0,0,5288,804,24281,3028,35,0,64,1,0
07/14/18 16:48:32,8,0,0,67256912,28692,3157968,0,0,12472,772,20856,4925,25,0,74,1,0
07/14/18 16:48:33,14,1,0,67256896,28724,3158024,0,0,6988,608,18358,3488,23,0,76,1,0
07/14/18 16:48:34,14,0,0,67257152,28756,3158036,0,0,3792,608,20183,2555,29,0,70,0,0
07/14/18 16:48:35,16,0,0,67256704,28788,3158060,0,0,9760,608,22799,4401,30,0,69,1,0
07/14/18 16:48:36,17,0,0,67255632,28844,3158116,0,0,9288,928,23508,4260,31,0,68,1,0
07/14/18 16:48:37,13,1,0,67255936,28892,3158164,0,0,9608,916,20236,4442,25,0,74,1,0
07/14/18 16:48:38,14,0,0,67254624,28924,3158068,0,0,7856,608,22802,3730,31,0,68,1,0
07/14/18 16:48:39,13,0,0,67254592,28972,3158068,0,0,5416,912,19735,3155,27,0,72,1,0
07/14/18 16:48:40,11,2,0,67249344,29020,3158112,0,0,18008,912,27136,7549,31,0,67,2,0
07/14/18 16:48:41,14,0,0,67249696,29072,3158064,0,0,11500,948,21069,4974,25,0,74,1,0
07/14/18 16:48:42,13,0,0,67249952,29104,3158096,0,0,9040,608,21165,4008,26,0,72,1,0
07/14/18 16:48:43,15,0,0,67250160,29144,3158144,0,0,5528,760,21789,3068,31,0,68,1,0
07/14/18 16:48:44,17,0,0,67252064,29184,3158148,0,0,7576,760,24743,4337,33,0,66,1,0
07/14/18 16:48:45,13,0,0,67251264,29232,3158152,0,0,6656,936,21751,3656,29,0,70,1,0
07/14/18 16:48:46,11,1,0,67251800,29280,3158180,0,0,3712,780,20736,2557,30,0,70,0,0
07/14/18 16:48:47,11,0,0,67251440,29320,3158144,0,0,6184,66838,26503,7825,31,0,68,1,0
07/14/18 16:48:48,16,0,0,67251072,29352,3158176,0,0,8248,608,23191,3949,32,0,67,1,0
07/14/18 16:48:49,13,0,0,67251016,29400,3158132,0,0,4656,912,19712,2787,28,0,72,0,0
07/14/18 16:48:50,15,1,0,67248496,29424,3158264,0,0,3112,488,19106,2321,29,0,71,0,0
07/14/18 16:48:51,16,1,0,67248128,29472,3158236,0,0,10848,792,22552,4452,31,0,68,1,0
07/14/18 16:48:52,21,1,0,67248256,29504,3158260,0,0,4720,608,24511,3011,35,0,64,0,0
07/14/18 16:48:53,10,0,0,67247408,29552,3158232,0,0,8240,918,24863,4087,35,0,64,1,0
07/14/18 16:48:54,12,0,0,67246808,29600,3158244,0,0,6976,912,18422,4072,23,0,76,1,0
07/14/18 16:48:55,12,0,0,67246704,29640,3158268,0,0,10880,1036,21159,4747,26,0,72,1,0
07/14/18 16:48:56,11,0,0,67232144,29672,3164840,0,0,14236,576,23583,5179,28,1,71,1,0
07/14/18 16:48:57,19,0,0,67232160,29712,3166448,0,0,5088,764,20519,2907,28,0,72,1,0
07/14/18 16:48:58,12,0,0,67232944,29744,3166552,0,0,3104,608,21211,2310,31,0,68,0,0
07/14/18 16:48:59,13,0,0,67232952,29784,3166516,0,0,3264,760,21276,2311,32,0,68,0,0
07/14/18 16:49:00,12,1,0,67233376,29816,3166536,0,0,4736,608,23767,3475,34,0,66,1,0
07/14/18 16:49:01,13,1,0,67233672,29864,3166520,0,0,11120,832,22586,4794,28,0,70,1,0
07/14/18 16:49:02,7,0,0,67234832,29920,3166568,0,0,6080,1064,21435,3369,30,0,70,1,0
07/14/18 16:49:03,11,0,0,67234800,29968,3166524,0,0,6744,912,18872,3296,24,0,75,1,0
07/14/18 16:49:04,13,1,0,67235456,30000,3166548,0,0,8232,608,20322,3818,27,0,72,1,0
07/14/18 16:49:05,17,0,0,67235696,30048,3166580,0,0,9824,912,23756,4402,31,0,68,1,0
07/14/18 16:49:06,7,0,0,67235808,30104,3166544,0,0,4768,992,20319,2749,29,0,70,1,0
07/14/18 16:49:07,15,1,0,67234792,30144,3166564,0,0,5080,760,19248,2928,27,0,73,1,0
07/14/18 16:49:08,16,0,0,67235320,30192,3166556,0,0,3984,912,20754,2417,31,0,69,1,0
07/14/18 16:49:09,14,0,0,67235840,30232,3166568,0,0,13840,760,25795,6035,33,0,65,1,0
07/14/18 16:49:10,15,0,0,67236144,30272,3166580,0,0,8888,760,21746,4234,28,0,71,1,0
07/14/18 16:49:11,16,0,0,67231648,30320,3166584,0,0,6384,796,22611,3311,33,0,66,1,0
07/14/18 16:49:12,9,0,0,67231056,30360,3166668,0,0,8984,760,21171,4047,28,0,71,1,0
07/14/18 16:49:13,19,0,0,67229664,30408,3167240,0,0,10384,912,23465,4575,31,1,68,1,0
07/14/18 16:49:14,13,0,0,67229376,30456,3167232,0,0,6424,912,25475,3658,36,0,63,1,0
07/14/18 16:49:15,11,2,0,67229992,30496,3167192,0,0,4552,760,15898,2717,20,0,79,1,0
