datetime,Device,rrqm/s,wrqm/s,r/s,w/s,rkB/s,wkB/s,avgrq-sz,avgqu-sz,await,r_await,w_await,svctm,%util
14/07/18 16:37:17,dm-2,0.0,0.0,2239.0,0.0,17904.0,0.0,15.99,0.83,0.37,0.37,0.0,0.25,56.3
14/07/18 16:37:18,dm-2,0.0,0.0,1959.0,0.0,15664.0,0.0,15.99,0.72,0.37,0.37,0.0,0.28,55.4
14/07/18 16:37:19,dm-2,0.0,0.0,1264.0,0.0,10104.0,0.0,15.99,0.48,0.38,0.38,0.0,0.31,39.0
14/07/18 16:37:20,dm-2,0.0,0.0,1140.0,0.0,9120.0,0.0,16.0,0.46,0.41,0.41,0.0,0.34,39.1
14/07/18 16:37:21,dm-2,0.0,0.0,1993.0,0.0,15944.0,0.0,16.0,0.72,0.36,0.36,0.0,0.27,54.4
14/07/18 16:37:22,dm-2,0.0,0.0,1085.0,0.0,8672.0,0.0,15.99,0.42,0.39,0.39,0.0,0.3,32.6
14/07/18 16:37:23,dm-2,0.0,0.0,1012.0,1.0,8096.0,16.0,16.02,0.4,0.4,0.4,0.0,0.33,33.4
14/07/18 16:37:24,dm-2,0.0,0.0,1163.0,0.0,9304.0,0.0,16.0,0.46,0.4,0.4,0.0,0.33,38.5
14/07/18 16:37:25,dm-2,0.0,0.0,1558.0,0.0,12464.0,0.0,16.0,0.61,0.39,0.39,0.0,0.32,49.9
14/07/18 16:37:26,dm-2,0.0,0.0,1130.0,0.0,9024.0,0.0,15.97,0.46,0.4,0.4,0.0,0.33,36.9
14/07/18 16:37:27,dm-2,0.0,0.0,1097.0,0.0,8776.0,0.0,16.0,0.44,0.4,0.4,0.0,0.34,36.8
14/07/18 16:37:28,dm-2,0.0,0.0,1412.0,0.0,11296.0,0.0,16.0,0.58,0.41,0.41,0.0,0.32,45.2
14/07/18 16:37:29,dm-2,0.0,0.0,923.0,0.0,7384.0,0.0,16.0,0.4,0.43,0.43,0.0,0.38,34.9
14/07/18 16:37:30,dm-2,0.0,0.0,795.0,0.0,6352.0,0.0,15.98,0.33,0.41,0.41,0.0,0.37,29.2
14/07/18 16:37:31,dm-2,0.0,0.0,676.0,0.0,5392.0,0.0,15.95,0.29,0.43,0.43,0.0,0.39,26.6
14/07/18 16:37:32,dm-2,0.0,0.0,1217.0,0.0,9728.0,0.0,15.99,0.5,0.41,0.41,0.0,0.34,41.8
14/07/18 16:37:33,dm-2,0.0,0.0,2156.0,0.0,17232.0,0.0,15.99,0.74,0.34,0.34,0.0,0.26,56.6
14/07/18 16:37:34,dm-2,0.0,0.0,1509.0,0.0,12056.0,0.0,15.98,0.68,0.45,0.45,0.0,0.35,53.4
14/07/18 16:37:35,dm-2,0.0,0.0,859.0,0.0,6872.0,0.0,16.0,0.39,0.46,0.46,0.0,0.4,34.5
14/07/18 16:37:36,dm-2,0.0,0.0,1576.0,0.0,12608.0,0.0,16.0,0.58,0.37,0.37,0.0,0.3,47.4
14/07/18 16:37:37,dm-2,0.0,0.0,1696.0,0.0,13568.0,0.0,16.0,0.66,0.39,0.39,0.0,0.31,52.4
14/07/18 16:37:38,dm-2,0.0,0.0,1203.0,0.0,9624.0,0.0,16.0,0.48,0.4,0.4,0.0,0.35,41.6
14/07/18 16:37:39,dm-2,0.0,0.0,1413.0,0.0,11304.0,0.0,16.0,0.55,0.39,0.39,0.0,0.33,46.4
14/07/18 16:37:40,dm-2,0.0,0.0,2705.0,0.0,21640.0,0.0,16.0,0.95,0.35,0.35,0.0,0.2,53.4
14/07/18 16:37:41,dm-2,0.0,0.0,2096.0,0.0,16752.0,0.0,15.98,0.8,0.38,0.38,0.0,0.28,58.0
14/07/18 16:37:42,dm-2,0.0,0.0,3348.0,0.0,26784.0,0.0,16.0,1.33,0.4,0.4,0.0,0.22,74.2
14/07/18 16:37:43,dm-2,0.0,0.0,848.0,0.0,6784.0,0.0,16.0,0.38,0.45,0.45,0.0,0.38,32.0
14/07/18 16:37:44,dm-2,0.0,0.0,3886.0,0.0,31056.0,0.0,15.98,1.53,0.39,0.39,0.0,0.21,81.3
14/07/18 16:37:45,dm-2,0.0,0.0,2495.0,0.0,19960.0,0.0,16.0,0.98,0.39,0.39,0.0,0.28,69.0
14/07/18 16:37:46,dm-2,0.0,0.0,2408.0,0.0,19264.0,0.0,16.0,0.92,0.38,0.38,0.0,0.29,69.5
14/07/18 16:37:47,dm-2,0.0,0.0,1937.0,0.0,15496.0,0.0,16.0,0.73,0.38,0.38,0.0,0.29,56.6
14/07/18 16:37:48,dm-2,0.0,0.0,2180.0,0.0,17440.0,0.0,16.0,0.81,0.37,0.37,0.0,0.29,63.3
14/07/18 16:37:49,dm-2,0.0,0.0,954.0,0.0,7632.0,0.0,16.0,0.38,0.4,0.4,0.0,0.36,34.2
14/07/18 16:37:50,dm-2,0.0,0.0,808.0,0.0,6464.0,0.0,16.0,0.37,0.45,0.45,0.0,0.37,29.5
14/07/18 16:37:51,dm-2,0.0,0.0,925.0,0.0,7400.0,0.0,16.0,0.43,0.47,0.47,0.0,0.4,37.0
14/07/18 16:37:52,dm-2,0.0,0.0,1926.0,0.0,15384.0,0.0,15.98,0.86,0.45,0.45,0.0,0.33,64.1
14/07/18 16:37:53,dm-2,0.0,0.0,1654.0,0.0,13224.0,0.0,15.99,0.73,0.44,0.44,0.0,0.32,53.6
14/07/18 16:37:54,dm-2,0.0,0.0,1655.0,1.0,13240.0,32.0,16.03,0.64,0.38,0.38,1.0,0.29,47.8
14/07/18 16:37:55,dm-2,0.0,0.0,1500.0,0.0,12000.0,0.0,16.0,0.53,0.36,0.36,0.0,0.3,45.1
14/07/18 16:37:56,dm-2,0.0,0.0,1912.0,0.0,15296.0,0.0,16.0,0.73,0.38,0.38,0.0,0.29,56.2
14/07/18 16:37:57,dm-2,0.0,0.0,1183.0,0.0,9464.0,0.0,16.0,0.47,0.4,0.4,0.0,0.31,37.1
14/07/18 16:37:58,dm-2,0.0,0.0,1876.0,0.0,15008.0,0.0,16.0,0.67,0.36,0.36,0.0,0.29,53.8
14/07/18 16:37:59,dm-2,0.0,0.0,1439.0,0.0,11488.0,0.0,15.97,0.56,0.39,0.39,0.0,0.32,46.5
14/07/18 16:38:00,dm-2,0.0,0.0,1034.0,0.0,8272.0,0.0,16.0,0.42,0.41,0.41,0.0,0.34,35.3
14/07/18 16:38:01,dm-2,0.0,0.0,1193.0,0.0,9544.0,0.0,16.0,0.52,0.43,0.43,0.0,0.35,41.3
14/07/18 16:38:02,dm-2,0.0,0.0,1637.0,0.0,13088.0,0.0,15.99,0.69,0.42,0.42,0.0,0.33,54.0
14/07/18 16:38:03,dm-2,0.0,0.0,2335.0,0.0,18680.0,0.0,16.0,0.94,0.4,0.4,0.0,0.3,70.3
14/07/18 16:38:04,dm-2,0.0,0.0,1301.0,0.0,10400.0,0.0,15.99,0.47,0.36,0.36,0.0,0.31,40.9
14/07/18 16:38:05,dm-2,0.0,0.0,2104.0,0.0,16824.0,0.0,15.99,0.79,0.37,0.37,0.0,0.28,57.9
14/07/18 16:38:06,dm-2,0.0,0.0,1126.0,0.0,8992.0,0.0,15.97,0.45,0.4,0.4,0.0,0.33,37.4
14/07/18 16:38:07,dm-2,0.0,0.0,1236.0,2394.0,9888.0,29120.0,21.49,2.86,0.78,0.42,0.96,0.12,45.1
14/07/18 16:38:08,dm-2,0.0,0.0,1092.0,0.0,8736.0,0.0,16.0,0.42,0.39,0.39,0.0,0.32,35.1
14/07/18 16:38:09,dm-2,0.0,0.0,2762.0,0.0,22096.0,0.0,16.0,0.95,0.34,0.34,0.0,0.21,59.2
14/07/18 16:38:10,dm-2,0.0,0.0,2306.0,0.0,18448.0,0.0,16.0,0.82,0.36,0.36,0.0,0.24,55.5
14/07/18 16:38:11,dm-2,0.0,0.0,1305.0,0.0,10432.0,0.0,15.99,0.5,0.38,0.38,0.0,0.32,42.3
14/07/18 16:38:12,dm-2,0.0,0.0,1913.0,0.0,15304.0,0.0,16.0,0.73,0.38,0.38,0.0,0.28,52.7
14/07/18 16:38:13,dm-2,0.0,0.0,823.0,0.0,6584.0,0.0,16.0,0.35,0.42,0.42,0.0,0.36,29.4
14/07/18 16:38:14,dm-2,0.0,0.0,1326.0,0.0,10608.0,0.0,16.0,0.5,0.37,0.37,0.0,0.31,41.7
14/07/18 16:38:15,dm-2,0.0,0.0,1701.0,0.0,13600.0,0.0,15.99,0.65,0.38,0.38,0.0,0.29,49.9
14/07/18 16:38:16,dm-2,0.0,0.0,746.0,0.0,5968.0,0.0,16.0,0.33,0.44,0.44,0.0,0.4,29.5
14/07/18 16:38:17,dm-2,0.0,0.0,731.0,0.0,5840.0,0.0,15.98,0.32,0.45,0.45,0.0,0.38,27.8
14/07/18 16:38:18,dm-2,0.0,0.0,891.0,0.0,7128.0,0.0,16.0,0.35,0.39,0.39,0.0,0.33,29.7
14/07/18 16:38:19,dm-2,0.0,0.0,1287.0,0.0,10296.0,0.0,16.0,0.52,0.4,0.4,0.0,0.32,41.1
14/07/18 16:38:20,dm-2,0.0,0.0,1817.0,0.0,14536.0,0.0,16.0,0.65,0.36,0.36,0.0,0.31,57.2
14/07/18 16:38:21,dm-2,0.0,0.0,490.0,0.0,3920.0,0.0,16.0,0.21,0.43,0.43,0.0,0.39,19.3
14/07/18 16:38:22,dm-2,0.0,0.0,1195.0,0.0,9560.0,0.0,16.0,0.47,0.4,0.4,0.0,0.32,38.6
14/07/18 16:38:23,dm-2,0.0,0.0,430.0,0.0,3440.0,0.0,16.0,0.17,0.4,0.4,0.0,0.37,15.8
14/07/18 16:38:24,dm-2,0.0,0.0,924.0,15.0,7384.0,256.0,16.27,0.38,0.4,0.4,0.73,0.33,31.2
14/07/18 16:38:25,dm-2,0.0,0.0,2372.0,0.0,18960.0,0.0,15.99,0.94,0.4,0.4,0.0,0.26,61.2
14/07/18 16:38:26,dm-2,0.0,0.0,1800.0,0.0,14384.16,0.0,15.98,0.67,0.37,0.37,0.0,0.3,53.56
14/07/18 16:38:27,dm-2,0.0,0.0,961.0,0.0,7672.0,0.0,15.97,0.41,0.42,0.42,0.0,0.35,34.0
14/07/18 16:38:28,dm-2,0.0,0.0,1012.0,0.0,8088.0,0.0,15.98,0.38,0.37,0.37,0.0,0.31,31.2
14/07/18 16:38:29,dm-2,0.0,0.0,1699.0,0.0,13584.0,0.0,15.99,0.63,0.37,0.37,0.0,0.3,50.2
14/07/18 16:38:30,dm-2,0.0,0.0,825.0,0.0,6592.0,0.0,15.98,0.33,0.4,0.4,0.0,0.35,29.1
14/07/18 16:38:31,dm-2,0.0,0.0,504.0,0.0,4024.0,0.0,15.97,0.24,0.47,0.47,0.0,0.41,20.5
14/07/18 16:38:32,dm-2,0.0,0.0,564.0,0.0,4512.0,0.0,16.0,0.26,0.45,0.45,0.0,0.4,22.8
14/07/18 16:38:33,dm-2,0.0,0.0,1710.0,0.0,13680.0,0.0,16.0,0.62,0.36,0.36,0.0,0.28,47.9
14/07/18 16:38:34,dm-2,0.0,0.0,2753.0,0.0,22024.0,0.0,16.0,0.98,0.36,0.36,0.0,0.25,69.9
14/07/18 16:38:35,dm-2,0.0,0.0,2321.0,0.0,18568.0,0.0,16.0,0.84,0.36,0.36,0.0,0.25,58.3
14/07/18 16:38:36,dm-2,0.0,0.0,3747.0,0.0,29960.0,0.0,15.99,1.35,0.36,0.36,0.0,0.2,75.2
14/07/18 16:38:37,dm-2,0.0,0.0,2343.0,0.0,18744.0,0.0,16.0,0.83,0.35,0.35,0.0,0.29,67.3
14/07/18 16:38:38,dm-2,0.0,0.0,2104.0,0.0,16832.0,0.0,16.0,0.74,0.35,0.35,0.0,0.24,50.9
14/07/18 16:38:39,dm-2,0.0,0.0,1866.0,0.0,14928.0,0.0,16.0,0.67,0.36,0.36,0.0,0.29,54.0
14/07/18 16:38:40,dm-2,0.0,0.0,1150.0,0.0,9200.0,0.0,16.0,0.47,0.41,0.41,0.0,0.35,39.8
14/07/18 16:38:41,dm-2,0.0,0.0,897.0,0.0,7176.0,0.0,16.0,0.37,0.41,0.41,0.0,0.33,30.0
14/07/18 16:38:42,dm-2,0.0,0.0,1132.0,0.0,9040.0,0.0,15.97,0.46,0.41,0.41,0.0,0.33,37.4
14/07/18 16:38:43,dm-2,0.0,0.0,3002.0,0.0,24000.0,0.0,15.99,1.07,0.36,0.36,0.0,0.24,72.1
14/07/18 16:38:44,dm-2,0.0,0.0,2240.0,0.0,17904.0,0.0,15.99,0.83,0.37,0.37,0.0,0.29,65.2
14/07/18 16:38:45,dm-2,0.0,0.0,1680.0,0.0,13432.0,0.0,15.99,0.63,0.38,0.38,0.0,0.28,46.9
14/07/18 16:38:46,dm-2,0.0,0.0,1144.0,0.0,9144.0,0.0,15.99,0.47,0.41,0.41,0.0,0.34,38.4
14/07/18 16:38:47,dm-2,0.0,0.0,745.0,0.0,5960.0,0.0,16.0,0.33,0.44,0.44,0.0,0.38,28.6
14/07/18 16:38:48,dm-2,0.0,0.0,739.0,0.0,5912.0,0.0,16.0,0.34,0.46,0.46,0.0,0.39,28.6
14/07/18 16:38:49,dm-2,0.0,0.0,838.0,0.0,6704.0,0.0,16.0,0.32,0.39,0.39,0.0,0.34,28.1
14/07/18 16:38:50,dm-2,0.0,0.0,1281.0,0.0,10248.0,0.0,16.0,0.47,0.36,0.36,0.0,0.3,38.6
14/07/18 16:38:51,dm-2,0.0,0.0,1476.0,0.0,11800.0,0.0,15.99,0.56,0.38,0.38,0.0,0.31,46.0
14/07/18 16:38:52,dm-2,0.0,0.0,910.0,0.0,7272.0,0.0,15.98,0.35,0.39,0.39,0.0,0.34,30.7
14/07/18 16:38:53,dm-2,0.0,0.0,810.0,0.0,6480.0,0.0,16.0,0.33,0.4,0.4,0.0,0.35,28.5
14/07/18 16:38:54,dm-2,0.0,0.0,747.0,3.0,5976.0,64.0,16.11,0.35,0.47,0.47,0.67,0.4,29.7
14/07/18 16:38:55,dm-2,0.0,0.0,2145.0,0.0,17152.0,0.0,15.99,0.81,0.38,0.38,0.0,0.28,59.7
14/07/18 16:38:56,dm-2,0.0,0.0,903.0,0.0,7224.0,0.0,16.0,0.39,0.43,0.43,0.0,0.38,33.9
14/07/18 16:38:57,dm-2,0.0,0.0,536.0,0.0,4288.0,0.0,16.0,0.25,0.47,0.47,0.0,0.43,22.8
14/07/18 16:38:58,dm-2,0.0,0.0,1709.0,0.0,13672.0,0.0,16.0,0.6,0.35,0.35,0.0,0.3,51.1
14/07/18 16:38:59,dm-2,0.0,0.0,1431.0,0.0,11440.0,0.0,15.99,0.56,0.39,0.39,0.0,0.32,45.1
14/07/18 16:39:00,dm-2,0.0,0.0,1511.0,0.0,12072.0,0.0,15.98,0.58,0.39,0.39,0.0,0.3,45.4
14/07/18 16:39:01,dm-2,0.0,0.0,1915.0,0.0,15320.0,0.0,16.0,0.73,0.38,0.38,0.0,0.28,53.4
14/07/18 16:39:02,dm-2,0.0,0.0,799.0,0.0,6392.0,0.0,16.0,0.34,0.43,0.43,0.0,0.37,29.4
14/07/18 16:39:03,dm-2,0.0,0.0,1995.0,0.0,15944.0,0.0,15.98,0.74,0.37,0.37,0.0,0.28,55.4
14/07/18 16:39:04,dm-2,0.0,0.0,937.0,0.0,7496.0,0.0,16.0,0.39,0.41,0.41,0.0,0.36,34.0
14/07/18 16:39:05,dm-2,0.0,0.0,2475.0,0.0,19800.0,0.0,16.0,0.86,0.35,0.35,0.0,0.21,52.6
14/07/18 16:39:06,dm-2,0.0,0.0,3019.0,0.0,24136.0,0.0,15.99,1.09,0.36,0.36,0.0,0.25,76.7
14/07/18 16:39:07,dm-2,0.0,0.0,2789.0,0.0,22296.0,0.0,15.99,1.04,0.37,0.37,0.0,0.22,61.3
14/07/18 16:39:08,dm-2,0.0,0.0,2806.0,0.0,22440.0,0.0,15.99,0.98,0.35,0.35,0.0,0.22,60.6
14/07/18 16:39:09,dm-2,0.0,0.0,2950.0,0.0,23600.0,0.0,16.0,1.05,0.36,0.36,0.0,0.24,70.5
14/07/18 16:39:10,dm-2,0.0,0.0,1265.0,0.0,10120.0,0.0,16.0,0.52,0.41,0.41,0.0,0.32,40.5
14/07/18 16:39:11,dm-2,0.0,0.0,760.0,0.0,6080.0,0.0,16.0,0.32,0.42,0.42,0.0,0.38,28.6
14/07/18 16:39:12,dm-2,0.0,0.0,573.0,0.0,4576.0,0.0,15.97,0.24,0.43,0.43,0.0,0.38,21.9
14/07/18 16:39:13,dm-2,0.0,0.0,675.0,0.0,5392.0,0.0,15.98,0.27,0.4,0.4,0.0,0.36,24.0
14/07/18 16:39:14,dm-2,0.0,0.0,1199.0,0.0,10716.0,0.0,17.87,0.5,0.42,0.42,0.0,0.32,38.2
14/07/18 16:39:15,dm-2,0.0,0.0,1493.0,0.0,11936.0,0.0,15.99,0.57,0.38,0.38,0.0,0.3,44.7
14/07/18 16:39:16,dm-2,0.0,0.0,1151.0,0.0,9208.0,0.0,16.0,0.55,0.48,0.48,0.0,0.39,44.7
14/07/18 16:39:17,dm-2,0.0,0.0,862.0,0.0,6896.0,0.0,16.0,0.44,0.51,0.51,0.0,0.42,36.5
14/07/18 16:39:18,dm-2,0.0,0.0,718.0,0.0,5736.0,0.0,15.98,0.38,0.53,0.53,0.0,0.46,32.7
14/07/18 16:39:19,dm-2,0.0,0.0,965.0,0.0,7712.0,0.0,15.98,0.47,0.48,0.48,0.0,0.41,39.5
14/07/18 16:39:20,dm-2,0.0,0.0,726.0,0.0,5792.0,0.0,15.96,0.36,0.5,0.5,0.0,0.42,30.8
14/07/18 16:39:21,dm-2,0.0,0.0,482.0,0.0,3856.0,0.0,16.0,0.2,0.43,0.43,0.0,0.4,19.1
14/07/18 16:39:22,dm-2,0.0,0.0,1237.0,0.0,9896.0,0.0,16.0,0.49,0.39,0.39,0.0,0.35,42.7
14/07/18 16:39:23,dm-2,0.0,0.0,1964.0,0.0,15712.0,0.0,16.0,0.7,0.36,0.36,0.0,0.27,52.1
14/07/18 16:39:24,dm-2,0.0,0.0,3127.0,13.0,25016.0,208.0,16.07,1.16,0.37,0.37,0.69,0.23,72.5
14/07/18 16:39:25,dm-2,0.0,0.0,1669.0,0.0,13336.0,0.0,15.98,0.67,0.4,0.4,0.0,0.29,47.7
14/07/18 16:39:26,dm-2,0.0,0.0,1106.0,0.0,8840.0,0.0,15.99,0.41,0.37,0.37,0.0,0.32,35.0
14/07/18 16:39:27,dm-2,0.0,0.0,1518.0,2460.0,12136.0,29736.0,21.05,3.14,0.78,0.4,1.02,0.14,54.9
14/07/18 16:39:28,dm-2,0.0,0.0,2001.0,0.0,16008.0,0.0,16.0,0.72,0.36,0.36,0.0,0.28,55.9
14/07/18 16:39:29,dm-2,0.0,0.0,955.0,0.0,7640.0,0.0,16.0,0.39,0.41,0.41,0.0,0.32,30.7
14/07/18 16:39:30,dm-2,0.0,0.0,740.0,0.0,5920.0,0.0,16.0,0.3,0.41,0.41,0.0,0.34,25.4
14/07/18 16:39:31,dm-2,0.0,0.0,1930.0,0.0,15440.0,0.0,16.0,0.72,0.37,0.37,0.0,0.28,53.1
14/07/18 16:39:32,dm-2,0.0,0.0,740.0,0.0,5920.0,0.0,16.0,0.31,0.41,0.41,0.0,0.34,24.8
14/07/18 16:39:33,dm-2,0.0,0.0,1420.0,0.0,11352.0,0.0,15.99,0.53,0.37,0.37,0.0,0.3,42.5
14/07/18 16:39:34,dm-2,0.0,0.0,1238.0,0.0,9888.0,0.0,15.97,0.47,0.38,0.38,0.0,0.31,38.3
14/07/18 16:39:35,dm-2,0.0,0.0,3578.0,0.0,28624.0,0.0,16.0,1.32,0.37,0.37,0.0,0.23,80.8
14/07/18 16:39:36,dm-2,0.0,0.0,1019.0,0.0,8152.0,0.0,16.0,0.39,0.38,0.38,0.0,0.32,32.5
14/07/18 16:39:37,dm-2,0.0,0.0,609.0,0.0,4864.0,0.0,15.97,0.29,0.48,0.48,0.0,0.43,26.2
14/07/18 16:39:38,dm-2,0.0,0.0,1845.0,0.0,14760.0,0.0,16.0,0.69,0.37,0.37,0.0,0.3,54.7
14/07/18 16:39:39,dm-2,0.0,0.0,684.0,0.0,5472.0,0.0,16.0,0.28,0.41,0.41,0.0,0.36,24.4
14/07/18 16:39:40,dm-2,0.0,0.0,2015.0,0.0,16096.0,0.0,15.98,0.79,0.39,0.39,0.0,0.29,57.6
14/07/18 16:39:41,dm-2,0.0,0.0,890.0,0.0,7120.0,0.0,16.0,0.36,0.41,0.41,0.0,0.35,30.9
14/07/18 16:39:42,dm-2,0.0,0.0,1053.0,0.0,8424.0,0.0,16.0,0.45,0.43,0.43,0.0,0.36,37.7
14/07/18 16:39:43,dm-2,0.0,0.0,1445.0,0.0,11560.0,0.0,16.0,0.56,0.39,0.39,0.0,0.31,44.8
14/07/18 16:39:44,dm-2,0.0,0.0,1583.0,0.0,12664.0,0.0,16.0,0.71,0.45,0.45,0.0,0.34,53.7
14/07/18 16:39:45,dm-2,0.0,0.0,973.0,0.0,7784.0,0.0,16.0,0.47,0.48,0.48,0.0,0.39,38.1
14/07/18 16:39:46,dm-2,0.0,0.0,982.0,0.0,7856.0,0.0,16.0,0.49,0.5,0.5,0.0,0.41,40.1
14/07/18 16:39:47,dm-2,0.0,0.0,1480.0,0.0,11840.0,0.0,16.0,0.68,0.46,0.46,0.0,0.37,54.5
14/07/18 16:39:48,dm-2,0.0,0.0,1341.0,0.0,10720.0,0.0,15.99,0.55,0.41,0.41,0.0,0.31,41.8
14/07/18 16:39:49,dm-2,0.0,0.0,627.0,0.0,5008.0,0.0,15.97,0.26,0.42,0.42,0.0,0.37,22.9
14/07/18 16:39:50,dm-2,0.0,0.0,619.0,0.0,4944.0,0.0,15.97,0.25,0.4,0.4,0.0,0.37,22.7
14/07/18 16:39:51,dm-2,0.0,0.0,720.0,0.0,5760.0,0.0,16.0,0.29,0.41,0.41,0.0,0.37,26.3
14/07/18 16:39:52,dm-2,0.0,0.0,1197.0,0.0,9576.0,0.0,16.0,0.5,0.42,0.42,0.0,0.34,40.6
14/07/18 16:39:53,dm-2,0.0,0.0,1005.0,0.0,8040.0,0.0,16.0,0.42,0.42,0.42,0.0,0.36,36.1
14/07/18 16:39:54,dm-2,0.0,0.0,680.0,2.0,5440.0,48.0,16.09,0.29,0.43,0.43,0.0,0.4,27.3
14/07/18 16:39:55,dm-2,0.0,0.0,1065.0,0.0,8512.0,0.0,15.98,0.41,0.39,0.39,0.0,0.32,34.3
14/07/18 16:39:56,dm-2,0.0,0.0,1964.0,0.0,15712.0,0.0,16.0,0.76,0.39,0.39,0.0,0.29,57.1
14/07/18 16:39:57,dm-2,0.0,0.0,1211.0,0.0,9688.0,0.0,16.0,0.47,0.39,0.39,0.0,0.3,36.5
14/07/18 16:39:58,dm-2,0.0,0.0,2027.0,0.0,16216.0,0.0,16.0,0.8,0.4,0.4,0.0,0.29,59.4
14/07/18 16:39:59,dm-2,0.0,0.0,821.0,0.0,6568.0,0.0,16.0,0.35,0.42,0.42,0.0,0.36,29.5
14/07/18 16:40:00,dm-2,0.0,0.0,2846.0,0.0,22768.0,0.0,16.0,0.99,0.35,0.35,0.0,0.21,59.3
14/07/18 16:40:01,dm-2,0.0,0.0,1111.0,0.0,8880.0,0.0,15.99,0.44,0.4,0.4,0.0,0.32,35.9
14/07/18 16:40:02,dm-2,0.0,0.0,519.0,0.0,4152.0,0.0,16.0,0.23,0.44,0.44,0.0,0.4,21.0
14/07/18 16:40:03,dm-2,0.0,0.0,1884.0,0.0,15064.0,0.0,15.99,0.69,0.36,0.36,0.0,0.26,48.8
14/07/18 16:40:04,dm-2,0.0,0.0,1180.0,0.0,9424.0,0.0,15.97,0.49,0.41,0.41,0.0,0.35,40.9
14/07/18 16:40:05,dm-2,0.0,0.0,1330.0,0.0,10632.0,0.0,15.99,0.53,0.39,0.39,0.0,0.32,42.8
14/07/18 16:40:06,dm-2,0.0,0.0,597.0,0.0,4768.0,0.0,15.97,0.27,0.45,0.45,0.0,0.4,23.8
14/07/18 16:40:07,dm-2,0.0,0.0,2610.0,0.0,20872.0,0.0,15.99,0.98,0.38,0.38,0.0,0.27,69.8
14/07/18 16:40:08,dm-2,0.0,0.0,1300.0,0.0,10400.0,0.0,16.0,0.52,0.4,0.4,0.0,0.33,43.3
14/07/18 16:40:09,dm-2,0.0,0.0,1208.0,0.0,9664.0,0.0,16.0,0.49,0.4,0.4,0.0,0.33,39.4
14/07/18 16:40:10,dm-2,0.0,0.0,1182.0,0.0,9456.0,0.0,16.0,0.44,0.37,0.37,0.0,0.31,36.4
14/07/18 16:40:11,dm-2,0.0,0.0,651.0,0.0,5200.0,0.0,15.98,0.26,0.4,0.4,0.0,0.35,23.1
14/07/18 16:40:12,dm-2,0.0,0.0,970.0,0.0,7744.0,0.0,15.97,0.42,0.43,0.43,0.0,0.35,34.0
14/07/18 16:40:13,dm-2,0.0,0.0,1211.0,0.0,9688.0,0.0,16.0,0.47,0.39,0.39,0.0,0.33,39.8
14/07/18 16:40:14,dm-2,0.0,0.0,888.0,0.0,7104.0,0.0,16.0,0.36,0.4,0.4,0.0,0.34,30.4
14/07/18 16:40:15,dm-2,0.0,0.0,704.0,0.0,5632.0,0.0,16.0,0.31,0.44,0.44,0.0,0.39,27.3
14/07/18 16:40:16,dm-2,0.0,0.0,833.0,0.0,6664.0,0.0,16.0,0.36,0.44,0.44,0.0,0.39,32.3
14/07/18 16:40:17,dm-2,0.0,0.0,749.0,0.0,5992.0,0.0,16.0,0.32,0.42,0.42,0.0,0.37,27.4
14/07/18 16:40:18,dm-2,0.0,0.0,819.0,0.0,6552.0,0.0,16.0,0.35,0.43,0.43,0.0,0.39,32.2
14/07/18 16:40:19,dm-2,0.0,0.0,836.0,0.0,6688.0,0.0,16.0,0.35,0.42,0.42,0.0,0.36,30.1
14/07/18 16:40:20,dm-2,0.0,0.0,1010.0,0.0,8080.0,0.0,16.0,0.39,0.39,0.39,0.0,0.34,34.5
14/07/18 16:40:21,dm-2,0.0,0.0,1693.0,0.0,13536.0,0.0,15.99,0.79,0.47,0.47,0.0,0.33,56.3
14/07/18 16:40:22,dm-2,0.0,0.0,1530.0,0.0,12224.0,0.0,15.98,0.69,0.45,0.45,0.0,0.35,53.8
14/07/18 16:40:23,dm-2,0.0,0.0,1310.0,0.0,10480.0,0.0,16.0,0.65,0.5,0.5,0.0,0.38,49.9
14/07/18 16:40:24,dm-2,0.0,0.0,1451.0,15.0,11608.0,240.0,16.16,0.62,0.42,0.42,0.93,0.31,44.8
14/07/18 16:40:25,dm-2,0.0,0.0,684.0,0.0,5472.0,0.0,16.0,0.47,0.68,0.68,0.0,0.53,36.2
14/07/18 16:40:26,dm-2,0.0,0.0,1167.33,0.0,9330.69,0.0,15.99,0.47,0.41,0.41,0.0,0.32,36.93
14/07/18 16:40:27,dm-2,0.0,0.0,1281.0,0.0,10248.0,0.0,16.0,0.54,0.42,0.42,0.0,0.34,44.0
14/07/18 16:40:28,dm-2,0.0,0.0,1058.0,0.0,8456.0,0.0,15.98,0.45,0.42,0.42,0.0,0.35,37.5
14/07/18 16:40:29,dm-2,0.0,0.0,1384.0,0.0,11064.0,0.0,15.99,0.56,0.4,0.4,0.0,0.3,42.2
14/07/18 16:40:30,dm-2,0.0,0.0,1699.0,0.0,13584.0,0.0,15.99,0.66,0.39,0.39,0.0,0.29,49.6
14/07/18 16:40:31,dm-2,0.0,0.0,1484.0,0.0,11872.0,0.0,16.0,0.52,0.35,0.35,0.0,0.28,41.9
14/07/18 16:40:32,dm-2,0.0,0.0,2217.0,0.0,17736.0,0.0,16.0,0.8,0.36,0.36,0.0,0.3,65.6
14/07/18 16:40:33,dm-2,0.0,0.0,1344.0,0.0,10744.0,0.0,15.99,0.47,0.35,0.35,0.0,0.3,40.9
14/07/18 16:40:34,dm-2,0.0,0.0,1034.0,0.0,8272.0,0.0,16.0,0.41,0.39,0.39,0.0,0.32,33.6
14/07/18 16:40:35,dm-2,0.0,0.0,1096.0,0.0,8768.0,0.0,16.0,0.44,0.41,0.41,0.0,0.34,36.8
14/07/18 16:40:36,dm-2,0.0,0.0,447.0,0.0,3576.0,0.0,16.0,0.18,0.41,0.41,0.0,0.39,17.5
14/07/18 16:40:37,dm-2,0.0,0.0,1249.0,0.0,9992.0,0.0,16.0,0.55,0.44,0.44,0.0,0.36,44.4
14/07/18 16:40:38,dm-2,0.0,0.0,867.0,0.0,6936.0,0.0,16.0,0.36,0.41,0.41,0.0,0.36,31.0
14/07/18 16:40:39,dm-2,0.0,0.0,1449.0,0.0,11592.0,0.0,16.0,0.56,0.39,0.39,0.0,0.3,43.5
14/07/18 16:40:40,dm-2,0.0,0.0,1009.0,0.0,8056.0,0.0,15.97,0.43,0.43,0.43,0.0,0.37,36.9
14/07/18 16:40:41,dm-2,0.0,0.0,800.0,0.0,6376.0,0.0,15.94,0.38,0.47,0.47,0.0,0.41,32.5
14/07/18 16:40:42,dm-2,0.0,0.0,988.0,0.0,7888.0,0.0,15.97,0.51,0.51,0.51,0.0,0.39,38.3
14/07/18 16:40:43,dm-2,0.0,0.0,1505.0,0.0,12024.0,0.0,15.98,0.64,0.42,0.42,0.0,0.33,50.3
14/07/18 16:40:44,dm-2,0.0,0.0,1638.0,0.0,13096.0,0.0,15.99,0.63,0.38,0.38,0.0,0.32,52.6
14/07/18 16:40:45,dm-2,0.0,0.0,1398.0,0.0,11184.0,0.0,16.0,0.51,0.36,0.36,0.0,0.31,42.8
14/07/18 16:40:46,dm-2,0.0,0.0,890.0,0.0,7120.0,0.0,16.0,0.38,0.42,0.42,0.0,0.34,30.4
14/07/18 16:40:47,dm-2,0.0,0.0,1231.0,2339.0,9848.0,29024.0,21.78,2.92,0.82,0.42,1.03,0.14,49.8
14/07/18 16:40:48,dm-2,0.0,0.0,786.0,0.0,6288.0,0.0,16.0,0.3,0.38,0.38,0.0,0.35,27.2
14/07/18 16:40:49,dm-2,0.0,0.0,1207.0,0.0,9648.0,0.0,15.99,0.5,0.42,0.42,0.0,0.34,41.4
14/07/18 16:40:50,dm-2,0.0,0.0,1049.0,0.0,8384.0,0.0,15.98,0.39,0.37,0.37,0.0,0.32,33.5
14/07/18 16:40:51,dm-2,0.0,0.0,780.0,0.0,6240.0,0.0,16.0,0.33,0.42,0.42,0.0,0.35,27.4
14/07/18 16:40:52,dm-2,0.0,0.0,1769.0,0.0,14152.0,0.0,16.0,0.72,0.41,0.41,0.0,0.32,55.9
14/07/18 16:40:53,dm-2,0.0,0.0,1343.0,0.0,10744.0,0.0,16.0,0.51,0.38,0.38,0.0,0.33,44.1
14/07/18 16:40:54,dm-2,0.0,0.0,1045.0,15.0,8360.0,256.0,16.26,0.44,0.42,0.41,0.8,0.35,36.8
14/07/18 16:40:55,dm-2,0.0,0.0,1313.0,0.0,10504.0,0.0,16.0,0.49,0.37,0.37,0.0,0.3,39.0
14/07/18 16:40:56,dm-2,0.0,0.0,1094.0,0.0,8752.0,0.0,16.0,0.4,0.36,0.36,0.0,0.3,32.9
14/07/18 16:40:57,dm-2,0.0,0.0,1372.0,0.0,10976.0,0.0,16.0,0.54,0.39,0.39,0.0,0.32,43.3
14/07/18 16:40:58,dm-2,0.0,0.0,2674.0,0.0,21384.0,0.0,15.99,0.97,0.36,0.36,0.0,0.27,72.0
14/07/18 16:40:59,dm-2,0.0,0.0,700.0,0.0,5600.0,0.0,16.0,0.29,0.41,0.41,0.0,0.36,25.5
14/07/18 16:41:00,dm-2,0.0,0.0,781.0,0.0,6248.0,0.0,16.0,0.31,0.39,0.39,0.0,0.35,27.3
14/07/18 16:41:01,dm-2,0.0,0.0,839.0,0.0,6704.0,0.0,15.98,0.35,0.42,0.42,0.0,0.34,28.5
14/07/18 16:41:02,dm-2,0.0,0.0,620.0,0.0,4960.0,0.0,16.0,0.27,0.44,0.44,0.0,0.39,23.9
14/07/18 16:41:03,dm-2,0.0,0.0,1454.0,0.0,11624.0,0.0,15.99,0.59,0.41,0.41,0.0,0.33,48.6
14/07/18 16:41:04,dm-2,0.0,0.0,2217.0,0.0,17728.0,0.0,15.99,1.03,0.47,0.47,0.0,0.31,67.9
14/07/18 16:41:05,dm-2,0.0,0.0,764.0,0.0,6112.0,0.0,16.0,0.39,0.51,0.51,0.0,0.44,33.8
14/07/18 16:41:06,dm-2,0.0,0.0,708.0,0.0,5664.0,0.0,16.0,0.34,0.48,0.48,0.0,0.41,29.2
14/07/18 16:41:07,dm-2,0.0,0.0,1991.0,0.0,15928.0,0.0,16.0,0.91,0.46,0.46,0.0,0.33,65.4
14/07/18 16:41:08,dm-2,0.0,0.0,1060.0,0.0,8472.0,0.0,15.98,0.46,0.44,0.44,0.0,0.37,39.0
14/07/18 16:41:09,dm-2,0.0,0.0,718.0,0.0,5744.0,0.0,16.0,0.3,0.42,0.42,0.0,0.37,26.6
14/07/18 16:41:10,dm-2,0.0,0.0,752.0,0.0,6016.0,0.0,16.0,0.29,0.39,0.39,0.0,0.36,27.1
14/07/18 16:41:11,dm-2,0.0,0.0,1916.0,0.0,15312.0,0.0,15.98,0.71,0.37,0.37,0.0,0.29,55.2
14/07/18 16:41:12,dm-2,0.0,0.0,757.0,0.0,6040.0,0.0,15.96,0.29,0.39,0.39,0.0,0.34,25.7
14/07/18 16:41:13,dm-2,0.0,0.0,1066.0,0.0,8520.0,0.0,15.98,0.44,0.42,0.42,0.0,0.35,37.3
14/07/18 16:41:14,dm-2,0.0,0.0,1008.0,0.0,8064.0,0.0,16.0,0.42,0.42,0.42,0.0,0.34,34.7
14/07/18 16:41:15,dm-2,0.0,0.0,1341.0,0.0,10728.0,0.0,16.0,0.5,0.37,0.37,0.0,0.32,43.1
14/07/18 16:41:16,dm-2,0.0,0.0,1109.0,0.0,8872.0,0.0,16.0,0.39,0.35,0.35,0.0,0.31,34.5
14/07/18 16:41:17,dm-2,0.0,0.0,1326.0,0.0,10608.0,0.0,16.0,0.5,0.37,0.37,0.0,0.27,35.9
14/07/18 16:41:18,dm-2,0.0,0.0,1471.0,0.0,11768.0,0.0,16.0,0.56,0.38,0.38,0.0,0.29,43.1
14/07/18 16:41:19,dm-2,0.0,0.0,1328.0,0.0,10624.0,0.0,16.0,0.5,0.38,0.38,0.0,0.32,41.9
14/07/18 16:41:20,dm-2,0.0,0.0,1614.0,0.0,12904.0,0.0,15.99,0.62,0.38,0.38,0.0,0.31,49.5
14/07/18 16:41:21,dm-2,0.0,0.0,1333.0,0.0,10656.0,0.0,15.99,0.54,0.41,0.41,0.0,0.32,42.4
14/07/18 16:41:22,dm-2,0.0,0.0,1619.0,0.0,12944.0,0.0,15.99,0.66,0.4,0.4,0.0,0.32,51.6
14/07/18 16:41:23,dm-2,0.0,0.0,1328.0,0.0,10616.0,0.0,15.99,0.55,0.42,0.42,0.0,0.33,43.3
14/07/18 16:41:24,dm-2,0.0,0.0,2340.0,2.0,18712.0,32.0,16.01,0.86,0.37,0.37,0.0,0.28,65.7
14/07/18 16:41:25,dm-2,0.0,0.0,2327.0,0.0,18616.0,0.0,16.0,0.93,0.4,0.4,0.0,0.28,65.0
14/07/18 16:41:26,dm-2,0.0,0.0,1052.0,0.0,8400.0,0.0,15.97,0.41,0.39,0.39,0.0,0.33,35.2
14/07/18 16:41:27,dm-2,0.0,0.0,1111.0,0.0,8888.0,0.0,16.0,0.45,0.41,0.41,0.0,0.33,36.9
14/07/18 16:41:28,dm-2,0.0,0.0,1277.0,0.0,10216.0,0.0,16.0,0.51,0.4,0.4,0.0,0.34,42.8
14/07/18 16:41:29,dm-2,0.0,0.0,1102.0,0.0,8816.0,0.0,16.0,0.4,0.36,0.36,0.0,0.32,35.4
14/07/18 16:41:30,dm-2,0.0,0.0,445.0,0.0,3560.0,0.0,16.0,0.19,0.43,0.43,0.0,0.4,17.9
14/07/18 16:41:31,dm-2,0.0,0.0,1166.0,0.0,9328.0,0.0,16.0,0.5,0.43,0.43,0.0,0.35,40.5
14/07/18 16:41:32,dm-2,0.0,0.0,1037.0,0.0,8288.0,0.0,15.98,0.41,0.39,0.39,0.0,0.33,34.7
14/07/18 16:41:33,dm-2,0.0,0.0,1797.0,0.0,14376.0,0.0,16.0,0.59,0.33,0.33,0.0,0.27,47.8
14/07/18 16:41:34,dm-2,0.0,0.0,751.0,0.0,6008.0,0.0,16.0,0.29,0.39,0.39,0.0,0.35,26.3
14/07/18 16:41:35,dm-2,0.0,0.0,543.0,0.0,4344.0,0.0,16.0,0.23,0.43,0.43,0.0,0.4,21.5
14/07/18 16:41:36,dm-2,0.0,0.0,685.0,0.0,5480.0,0.0,16.0,0.3,0.44,0.44,0.0,0.38,25.7
14/07/18 16:41:37,dm-2,0.0,0.0,1114.0,0.0,8912.0,0.0,16.0,0.44,0.4,0.4,0.0,0.33,37.1
14/07/18 16:41:38,dm-2,0.0,0.0,356.0,0.0,2848.0,0.0,16.0,0.15,0.41,0.41,0.0,0.4,14.1
14/07/18 16:41:39,dm-2,0.0,0.0,952.0,0.0,7616.0,0.0,16.0,0.41,0.43,0.43,0.0,0.36,34.3
14/07/18 16:41:40,dm-2,0.0,0.0,1276.0,0.0,10208.0,0.0,16.0,0.47,0.37,0.37,0.0,0.3,37.9
14/07/18 16:41:41,dm-2,0.0,0.0,872.0,0.0,6976.0,0.0,16.0,0.35,0.41,0.41,0.0,0.35,30.5
14/07/18 16:41:42,dm-2,0.0,0.0,1582.0,0.0,12648.0,0.0,15.99,0.64,0.41,0.41,0.0,0.31,48.5
14/07/18 16:41:43,dm-2,0.0,0.0,638.0,0.0,5104.0,0.0,16.0,0.26,0.41,0.41,0.0,0.38,24.4
14/07/18 16:41:44,dm-2,0.0,0.0,882.0,0.0,7056.0,0.0,16.0,0.39,0.45,0.45,0.0,0.4,35.5
14/07/18 16:41:45,dm-2,0.0,0.0,1668.0,0.0,13344.0,0.0,16.0,0.63,0.37,0.37,0.0,0.3,50.5
14/07/18 16:41:46,dm-2,0.0,0.0,1279.0,0.0,10232.0,0.0,16.0,0.5,0.39,0.39,0.0,0.33,42.5
14/07/18 16:41:47,dm-2,0.0,0.0,1764.0,0.0,14112.0,0.0,16.0,0.62,0.35,0.35,0.0,0.31,54.1
14/07/18 16:41:48,dm-2,0.0,0.0,727.0,0.0,5816.0,0.0,16.0,0.29,0.41,0.41,0.0,0.37,26.7
14/07/18 16:41:49,dm-2,0.0,0.0,1335.0,0.0,10680.0,0.0,16.0,0.53,0.4,0.4,0.0,0.32,43.1
14/07/18 16:41:50,dm-2,0.0,0.0,1271.0,0.0,10160.0,0.0,15.99,0.45,0.35,0.35,0.0,0.3,37.8
14/07/18 16:41:51,dm-2,0.0,0.0,2355.0,0.0,18824.0,0.0,15.99,0.88,0.37,0.37,0.0,0.27,63.6
14/07/18 16:41:52,dm-2,0.0,0.0,1161.0,0.0,9288.0,0.0,16.0,0.44,0.38,0.38,0.0,0.34,39.2
14/07/18 16:41:53,dm-2,0.0,0.0,1001.0,0.0,8008.0,0.0,16.0,0.42,0.42,0.42,0.0,0.34,34.0
14/07/18 16:41:54,dm-2,0.0,0.0,1817.0,1.0,14528.0,32.0,16.02,0.66,0.36,0.36,0.0,0.27,48.6
14/07/18 16:41:55,dm-2,0.0,0.0,1413.0,0.0,11304.0,0.0,16.0,0.5,0.35,0.35,0.0,0.3,42.1
14/07/18 16:41:56,dm-2,0.0,0.0,1441.0,0.0,11528.0,0.0,16.0,0.56,0.39,0.39,0.0,0.31,45.3
14/07/18 16:41:57,dm-2,0.0,0.0,1444.0,0.0,11536.0,0.0,15.98,0.51,0.36,0.36,0.0,0.29,42.4
14/07/18 16:41:58,dm-2,0.0,0.0,807.0,0.0,6456.0,0.0,16.0,0.32,0.39,0.39,0.0,0.33,27.0
14/07/18 16:41:59,dm-2,0.0,0.0,824.0,0.0,6592.0,0.0,16.0,0.32,0.39,0.39,0.0,0.33,27.2
14/07/18 16:42:00,dm-2,0.0,0.0,1095.0,0.0,8760.0,0.0,16.0,0.41,0.37,0.37,0.0,0.3,32.9
14/07/18 16:42:01,dm-2,0.0,0.0,1115.0,0.0,8920.0,0.0,16.0,0.43,0.39,0.39,0.0,0.34,37.7
14/07/18 16:42:02,dm-2,0.0,0.0,668.0,0.0,5344.0,0.0,16.0,0.27,0.4,0.4,0.0,0.37,24.5
14/07/18 16:42:03,dm-2,0.0,0.0,725.0,0.0,5792.0,0.0,15.98,0.3,0.42,0.42,0.0,0.36,26.2
14/07/18 16:42:04,dm-2,0.0,0.0,982.0,0.0,7856.0,0.0,16.0,0.37,0.38,0.38,0.0,0.33,32.2
14/07/18 16:42:05,dm-2,0.0,0.0,565.0,0.0,4520.0,0.0,16.0,0.23,0.41,0.41,0.0,0.36,20.3
14/07/18 16:42:06,dm-2,0.0,0.0,1491.0,0.0,11928.0,0.0,16.0,0.52,0.35,0.35,0.0,0.3,44.2
14/07/18 16:42:07,dm-2,0.0,0.0,1115.0,2408.0,8920.0,29440.0,21.78,2.66,0.75,0.36,0.93,0.11,39.1
14/07/18 16:42:08,dm-2,0.0,0.0,1647.0,0.0,13176.0,0.0,16.0,0.57,0.35,0.35,0.0,0.3,49.6
14/07/18 16:42:09,dm-2,0.0,0.0,713.0,0.0,5704.0,0.0,16.0,0.31,0.44,0.44,0.0,0.4,28.4
14/07/18 16:42:10,dm-2,0.0,0.0,1626.0,0.0,13008.0,0.0,16.0,0.62,0.38,0.38,0.0,0.31,50.8
14/07/18 16:42:11,dm-2,0.0,0.0,941.0,0.0,7528.0,0.0,16.0,0.35,0.38,0.38,0.0,0.33,31.5
14/07/18 16:42:12,dm-2,0.0,0.0,1272.0,0.0,10176.0,0.0,16.0,0.51,0.4,0.4,0.0,0.32,40.5
14/07/18 16:42:13,dm-2,0.0,0.0,619.8,0.0,4958.42,0.0,16.0,0.24,0.39,0.39,0.0,0.34,20.99
14/07/18 16:42:14,dm-2,0.0,0.0,745.0,0.0,5960.0,0.0,16.0,0.32,0.43,0.43,0.0,0.37,27.7
14/07/18 16:42:15,dm-2,0.0,0.0,1371.0,0.0,10952.0,0.0,15.98,0.48,0.35,0.35,0.0,0.3,40.7
14/07/18 16:42:16,dm-2,0.0,0.0,938.0,0.0,7504.0,0.0,16.0,0.36,0.39,0.39,0.0,0.33,31.3
14/07/18 16:42:17,dm-2,0.0,0.0,2429.0,0.0,19416.0,0.0,15.99,0.86,0.36,0.36,0.0,0.25,61.6
14/07/18 16:42:18,dm-2,0.0,0.0,1570.0,0.0,12552.0,0.0,15.99,0.58,0.37,0.37,0.0,0.3,46.5
14/07/18 16:42:19,dm-2,0.0,0.0,2343.0,0.0,18744.0,0.0,16.0,0.81,0.35,0.35,0.0,0.26,60.3
14/07/18 16:42:20,dm-2,0.0,0.0,1697.0,0.0,13576.0,0.0,16.0,0.6,0.35,0.35,0.0,0.31,52.8
14/07/18 16:42:21,dm-2,0.0,0.0,614.0,0.0,4904.0,0.0,15.97,0.25,0.41,0.41,0.0,0.37,22.8
14/07/18 16:42:22,dm-2,0.0,0.0,1311.0,0.0,10472.0,0.0,15.98,0.51,0.39,0.39,0.0,0.31,41.2
14/07/18 16:42:23,dm-2,0.0,0.0,1247.0,0.0,9968.0,0.0,15.99,0.46,0.37,0.37,0.0,0.31,38.8
14/07/18 16:42:24,dm-2,0.0,0.0,1507.0,15.0,12040.0,256.0,16.16,0.55,0.36,0.36,0.6,0.3,45.3
14/07/18 16:42:25,dm-2,0.0,0.0,2221.0,0.0,17752.0,0.0,15.99,0.81,0.37,0.37,0.0,0.29,63.6
14/07/18 16:42:26,dm-2,0.0,0.0,1338.0,0.0,10680.0,0.0,15.96,0.56,0.42,0.42,0.0,0.32,42.6
14/07/18 16:42:27,dm-2,0.0,0.0,1669.0,0.0,13344.0,0.0,15.99,0.63,0.37,0.37,0.0,0.3,50.9
14/07/18 16:42:28,dm-2,0.0,0.0,1145.0,0.0,9160.0,0.0,16.0,0.43,0.37,0.37,0.0,0.32,36.2
14/07/18 16:42:29,dm-2,0.0,0.0,614.0,0.0,4912.0,0.0,16.0,0.27,0.44,0.44,0.0,0.4,24.3
14/07/18 16:42:30,dm-2,0.0,0.0,972.0,0.0,7776.0,0.0,16.0,0.38,0.39,0.39,0.0,0.34,33.0
14/07/18 16:42:31,dm-2,0.0,0.0,615.0,0.0,4920.0,0.0,16.0,0.26,0.42,0.42,0.0,0.39,23.9
14/07/18 16:42:32,dm-2,0.0,0.0,743.0,0.0,5944.0,0.0,16.0,0.32,0.43,0.43,0.0,0.37,27.7
14/07/18 16:42:33,dm-2,0.0,0.0,628.0,0.0,5024.0,0.0,16.0,0.27,0.43,0.43,0.0,0.38,23.8
14/07/18 16:42:34,dm-2,0.0,0.0,1144.0,0.0,9152.0,0.0,16.0,0.48,0.42,0.42,0.0,0.34,38.8
14/07/18 16:42:35,dm-2,0.0,0.0,963.0,0.0,7704.0,0.0,16.0,0.42,0.44,0.44,0.0,0.37,35.6
14/07/18 16:42:36,dm-2,0.0,0.0,379.0,0.0,3032.0,0.0,16.0,0.18,0.48,0.48,0.0,0.41,15.5
14/07/18 16:42:37,dm-2,0.0,0.0,459.0,0.0,3672.0,0.0,16.0,0.2,0.44,0.44,0.0,0.4,18.5
14/07/18 16:42:38,dm-2,0.0,0.0,1548.0,0.0,12376.0,0.0,15.99,0.56,0.36,0.36,0.0,0.31,48.2
14/07/18 16:42:39,dm-2,0.0,0.0,1151.0,0.0,9208.0,0.0,16.0,0.41,0.36,0.36,0.0,0.31,35.5
14/07/18 16:42:40,dm-2,0.0,0.0,1523.0,0.0,12168.0,0.0,15.98,0.53,0.35,0.35,0.0,0.28,43.0
14/07/18 16:42:41,dm-2,0.0,0.0,2417.0,0.0,19336.0,0.0,16.0,0.94,0.39,0.39,0.0,0.28,67.5
14/07/18 16:42:42,dm-2,0.0,0.0,968.0,0.0,7744.0,0.0,16.0,0.41,0.42,0.42,0.0,0.34,33.1
14/07/18 16:42:43,dm-2,0.0,0.0,876.0,0.0,7008.0,0.0,16.0,0.37,0.42,0.42,0.0,0.34,30.0
14/07/18 16:42:44,dm-2,0.0,0.0,1554.0,0.0,12424.0,0.0,15.99,0.61,0.39,0.39,0.0,0.3,46.7
14/07/18 16:42:45,dm-2,0.0,0.0,740.0,0.0,5904.0,0.0,15.96,0.29,0.39,0.39,0.0,0.35,25.7
14/07/18 16:42:46,dm-2,0.0,0.0,513.0,0.0,4096.0,0.0,15.97,0.23,0.44,0.44,0.0,0.41,21.0
14/07/18 16:42:47,dm-2,0.0,0.0,1500.0,0.0,12000.0,0.0,16.0,0.56,0.37,0.37,0.0,0.3,44.4
14/07/18 16:42:48,dm-2,0.0,0.0,2071.0,0.0,16568.0,0.0,16.0,0.7,0.34,0.34,0.0,0.27,56.1
14/07/18 16:42:49,dm-2,0.0,0.0,1533.0,0.0,12264.0,0.0,16.0,0.57,0.38,0.38,0.0,0.28,43.2
14/07/18 16:42:50,dm-2,0.0,0.0,1045.0,0.0,8360.0,0.0,16.0,0.41,0.39,0.39,0.0,0.32,33.3
14/07/18 16:42:51,dm-2,0.0,0.0,827.0,0.0,6616.0,0.0,16.0,0.34,0.41,0.41,0.0,0.35,29.1
14/07/18 16:42:52,dm-2,0.0,0.0,448.0,0.0,3584.0,0.0,16.0,0.17,0.38,0.38,0.0,0.34,15.4
14/07/18 16:42:53,dm-2,0.0,0.0,755.0,0.0,6040.0,0.0,16.0,0.3,0.4,0.4,0.0,0.37,27.7
14/07/18 16:42:54,dm-2,0.0,0.0,860.0,3.0,6880.0,64.0,16.09,0.34,0.4,0.4,0.0,0.36,31.2
14/07/18 16:42:55,dm-2,0.0,0.0,691.0,0.0,5528.0,0.0,16.0,0.29,0.41,0.41,0.0,0.37,25.9
14/07/18 16:42:56,dm-2,0.0,0.0,944.0,0.0,7552.0,0.0,16.0,0.33,0.35,0.35,0.0,0.3,28.5
14/07/18 16:42:57,dm-2,0.0,0.0,615.0,0.0,4912.0,0.0,15.97,0.25,0.4,0.4,0.0,0.36,22.1
14/07/18 16:42:58,dm-2,0.0,0.0,1454.0,0.0,11624.0,0.0,15.99,0.56,0.39,0.39,0.0,0.31,45.5
14/07/18 16:42:59,dm-2,0.0,0.0,1647.0,0.0,13168.0,0.0,15.99,0.63,0.38,0.38,0.0,0.29,48.4
14/07/18 16:43:00,dm-2,0.0,0.0,872.0,0.0,6976.0,0.0,16.0,0.3,0.35,0.35,0.0,0.31,27.2
14/07/18 16:43:01,dm-2,0.0,0.0,516.0,0.0,4128.0,0.0,16.0,0.2,0.4,0.4,0.0,0.35,18.3
14/07/18 16:43:02,dm-2,0.0,0.0,1106.0,0.0,8840.0,0.0,15.99,0.41,0.37,0.37,0.0,0.31,34.0
14/07/18 16:43:03,dm-2,0.0,0.0,961.0,0.0,7680.0,0.0,15.98,0.4,0.42,0.42,0.0,0.33,31.3
14/07/18 16:43:04,dm-2,0.0,0.0,1789.0,0.0,14312.0,0.0,16.0,0.66,0.37,0.37,0.0,0.3,54.3
14/07/18 16:43:05,dm-2,0.0,0.0,999.0,0.0,7992.0,0.0,16.0,0.37,0.37,0.37,0.0,0.3,30.1
14/07/18 16:43:06,dm-2,0.0,0.0,1884.0,0.0,15064.0,0.0,15.99,0.69,0.37,0.37,0.0,0.29,54.0
14/07/18 16:43:07,dm-2,0.0,0.0,1883.0,0.0,15064.0,0.0,16.0,0.74,0.39,0.39,0.0,0.28,52.9
14/07/18 16:43:08,dm-2,0.0,0.0,1251.0,0.0,9992.0,0.0,15.97,0.51,0.41,0.41,0.0,0.33,41.9
14/07/18 16:43:09,dm-2,0.0,0.0,1663.0,0.0,13296.0,0.0,15.99,0.66,0.4,0.4,0.0,0.3,49.3
14/07/18 16:43:10,dm-2,0.0,0.0,747.0,0.0,5976.0,0.0,16.0,0.33,0.45,0.45,0.0,0.39,28.8
14/07/18 16:43:11,dm-2,0.0,0.0,1433.0,0.0,11464.0,0.0,16.0,0.57,0.4,0.4,0.0,0.31,45.0
14/07/18 16:43:12,dm-2,0.0,0.0,1259.0,0.0,10072.0,0.0,16.0,0.51,0.41,0.41,0.0,0.34,42.2
14/07/18 16:43:13,dm-2,0.0,0.0,644.0,0.0,5152.0,0.0,16.0,0.29,0.45,0.45,0.0,0.39,24.9
14/07/18 16:43:14,dm-2,0.0,0.0,937.0,0.0,7496.0,0.0,16.0,0.36,0.38,0.38,0.0,0.34,32.2
14/07/18 16:43:15,dm-2,0.0,0.0,865.0,0.0,6912.0,0.0,15.98,0.34,0.39,0.39,0.0,0.34,29.3
14/07/18 16:43:16,dm-2,0.0,0.0,850.0,0.0,6800.0,0.0,16.0,0.32,0.38,0.38,0.0,0.34,28.8
14/07/18 16:43:17,dm-2,0.0,0.0,353.0,0.0,2824.0,0.0,16.0,0.17,0.48,0.48,0.0,0.44,15.5
14/07/18 16:43:18,dm-2,0.0,0.0,757.0,0.0,6048.0,0.0,15.98,0.34,0.45,0.45,0.0,0.37,27.8
14/07/18 16:43:19,dm-2,0.0,0.0,1187.0,0.0,9496.0,0.0,16.0,0.48,0.41,0.41,0.0,0.34,40.0
14/07/18 16:43:20,dm-2,0.0,0.0,980.0,0.0,7840.0,0.0,16.0,0.35,0.36,0.36,0.0,0.31,30.2
14/07/18 16:43:21,dm-2,0.0,0.0,352.0,0.0,2816.0,0.0,16.0,0.14,0.4,0.4,0.0,0.4,14.0
14/07/18 16:43:22,dm-2,0.0,0.0,714.0,0.0,5696.0,0.0,15.96,0.31,0.43,0.43,0.0,0.38,27.2
14/07/18 16:43:23,dm-2,0.0,0.0,1046.0,0.0,8352.0,0.0,15.97,0.42,0.41,0.41,0.0,0.34,35.7
14/07/18 16:43:24,dm-2,0.0,0.0,1066.0,13.0,8520.0,208.0,16.18,0.57,0.53,0.46,6.0,0.39,41.9
14/07/18 16:43:25,dm-2,0.0,0.0,750.0,0.0,6000.0,0.0,16.0,0.36,0.48,0.48,0.0,0.41,30.5
14/07/18 16:43:26,dm-2,0.0,0.0,901.0,2239.0,7208.0,27984.0,22.42,2.69,0.86,0.51,0.99,0.14,43.6
14/07/18 16:43:27,dm-2,0.0,0.0,448.0,0.0,3584.0,0.0,16.0,0.22,0.48,0.48,0.0,0.44,19.7
14/07/18 16:43:28,dm-2,0.0,0.0,1084.0,0.0,8672.0,0.0,16.0,0.45,0.41,0.41,0.0,0.34,37.3
14/07/18 16:43:29,dm-2,0.0,0.0,695.0,0.0,5560.0,0.0,16.0,0.29,0.42,0.42,0.0,0.37,25.7
14/07/18 16:43:30,dm-2,0.0,0.0,1859.0,0.0,14872.0,0.0,16.0,0.64,0.35,0.35,0.0,0.26,49.2
14/07/18 16:43:31,dm-2,0.0,0.0,576.0,0.0,4600.0,0.0,15.97,0.25,0.43,0.43,0.0,0.39,22.6
14/07/18 16:43:32,dm-2,0.0,0.0,863.0,0.0,6896.0,0.0,15.98,0.36,0.42,0.42,0.0,0.37,32.0
14/07/18 16:43:33,dm-2,0.0,0.0,1001.0,0.0,8000.0,0.0,15.98,0.4,0.4,0.4,0.0,0.33,33.1
14/07/18 16:43:34,dm-2,0.0,0.0,780.0,0.0,6240.0,0.0,16.0,0.29,0.37,0.37,0.0,0.33,25.4
14/07/18 16:43:35,dm-2,0.0,0.0,2291.0,0.0,18320.0,0.0,15.99,0.75,0.33,0.33,0.0,0.21,47.1
14/07/18 16:43:36,dm-2,0.0,0.0,1579.0,0.0,12632.0,0.0,16.0,0.6,0.38,0.38,0.0,0.31,49.4
14/07/18 16:43:37,dm-2,0.0,0.0,661.0,0.0,5288.0,0.0,16.0,0.27,0.41,0.41,0.0,0.36,23.6
14/07/18 16:43:38,dm-2,0.0,0.0,646.0,0.0,5168.0,0.0,16.0,0.27,0.42,0.42,0.0,0.38,24.5
14/07/18 16:43:39,dm-2,0.0,0.0,1324.0,0.0,10592.0,0.0,16.0,0.5,0.38,0.38,0.0,0.31,41.3
14/07/18 16:43:40,dm-2,0.0,0.0,1316.0,0.0,10528.0,0.0,16.0,0.44,0.33,0.33,0.0,0.24,31.6
14/07/18 16:43:41,dm-2,0.0,0.0,1267.0,0.0,10136.0,0.0,16.0,0.46,0.36,0.36,0.0,0.29,37.3
14/07/18 16:43:42,dm-2,0.0,0.0,1583.0,0.0,12664.0,0.0,16.0,0.59,0.37,0.37,0.0,0.32,50.8
14/07/18 16:43:43,dm-2,0.0,0.0,2040.0,0.0,16320.0,0.0,16.0,0.78,0.38,0.38,0.0,0.31,62.8
14/07/18 16:43:44,dm-2,0.0,0.0,798.0,0.0,6384.0,0.0,16.0,0.34,0.42,0.42,0.0,0.37,29.8
14/07/18 16:43:45,dm-2,0.0,0.0,1258.0,0.0,10064.0,0.0,16.0,0.46,0.37,0.37,0.0,0.29,37.1
14/07/18 16:43:46,dm-2,0.0,0.0,1044.0,0.0,8344.0,0.0,15.98,0.34,0.32,0.32,0.0,0.27,27.8
14/07/18 16:43:47,dm-2,0.0,0.0,552.0,0.0,4408.0,0.0,15.97,0.24,0.43,0.43,0.0,0.39,21.7
14/07/18 16:43:48,dm-2,0.0,0.0,1163.0,0.0,9304.0,0.0,16.0,0.45,0.39,0.39,0.0,0.33,37.9
14/07/18 16:43:49,dm-2,0.0,0.0,670.0,0.0,5360.0,0.0,16.0,0.27,0.4,0.4,0.0,0.35,23.4
14/07/18 16:43:50,dm-2,0.0,0.0,1731.0,0.0,13848.0,0.0,16.0,0.63,0.37,0.37,0.0,0.3,51.1
14/07/18 16:43:51,dm-2,0.0,0.0,1416.0,0.0,11328.0,0.0,16.0,0.55,0.38,0.38,0.0,0.32,44.7
14/07/18 16:43:52,dm-2,0.0,0.0,1059.0,0.0,8472.0,0.0,16.0,0.42,0.39,0.39,0.0,0.33,35.3
14/07/18 16:43:53,dm-2,0.0,0.0,1280.0,0.0,10224.0,0.0,15.97,0.5,0.39,0.39,0.0,0.33,42.5
14/07/18 16:43:54,dm-2,0.0,0.0,682.0,3.0,5456.0,64.0,16.12,0.31,0.45,0.45,0.33,0.4,27.5
14/07/18 16:43:55,dm-2,0.0,0.0,518.0,0.0,4136.0,0.0,15.97,0.25,0.49,0.49,0.0,0.42,22.0
14/07/18 16:43:56,dm-2,0.0,0.0,1050.0,0.0,8400.0,0.0,16.0,0.51,0.49,0.49,0.0,0.4,42.5
14/07/18 16:43:57,dm-2,0.0,0.0,739.0,0.0,5912.0,0.0,16.0,0.34,0.46,0.46,0.0,0.4,29.3
14/07/18 16:43:58,dm-2,0.0,0.0,728.0,0.0,5816.0,0.0,15.98,0.3,0.42,0.42,0.0,0.38,27.9
14/07/18 16:43:59,dm-2,0.0,0.0,512.0,0.0,4096.0,0.0,16.0,0.19,0.38,0.38,0.0,0.35,17.9
14/07/18 16:44:00,dm-2,0.0,0.0,849.0,0.0,6792.0,0.0,16.0,0.33,0.39,0.39,0.0,0.33,27.8
14/07/18 16:44:01,dm-2,0.0,0.0,779.0,0.0,6232.0,0.0,16.0,0.3,0.39,0.39,0.0,0.35,27.1
14/07/18 16:44:02,dm-2,0.0,0.0,2460.0,0.0,19680.0,0.0,16.0,0.92,0.37,0.37,0.0,0.28,69.7
14/07/18 16:44:03,dm-2,0.0,0.0,1532.0,0.0,12256.0,0.0,16.0,0.65,0.42,0.42,0.0,0.33,50.4
14/07/18 16:44:04,dm-2,0.0,0.0,1755.0,0.0,14032.0,0.0,15.99,0.73,0.42,0.42,0.0,0.31,55.1
14/07/18 16:44:05,dm-2,0.0,0.0,1046.0,0.0,8368.0,0.0,16.0,0.44,0.42,0.42,0.0,0.34,35.3
14/07/18 16:44:06,dm-2,0.0,0.0,1224.0,0.0,9792.0,0.0,16.0,0.46,0.37,0.37,0.0,0.32,38.6
14/07/18 16:44:07,dm-2,0.0,0.0,815.0,0.0,6520.0,0.0,16.0,0.31,0.39,0.39,0.0,0.35,28.4
14/07/18 16:44:08,dm-2,0.0,0.0,1200.0,0.0,9600.0,0.0,16.0,0.49,0.41,0.41,0.0,0.31,36.8
14/07/18 16:44:09,dm-2,0.0,0.0,2262.0,0.0,18080.0,0.0,15.99,0.84,0.37,0.37,0.0,0.25,56.9
14/07/18 16:44:10,dm-2,0.0,0.0,734.0,0.0,5872.0,0.0,16.0,0.3,0.42,0.42,0.0,0.36,26.6
14/07/18 16:44:11,dm-2,0.0,0.0,1320.0,0.0,10552.0,0.0,15.99,0.49,0.37,0.37,0.0,0.32,42.1
14/07/18 16:44:12,dm-2,0.0,0.0,881.0,0.0,7048.0,0.0,16.0,0.34,0.39,0.39,0.0,0.33,29.0
14/07/18 16:44:13,dm-2,0.0,0.0,1274.0,0.0,10192.0,0.0,16.0,0.54,0.42,0.42,0.0,0.34,42.7
14/07/18 16:44:14,dm-2,0.0,0.0,810.0,0.0,6472.0,0.0,15.98,0.33,0.41,0.41,0.0,0.37,30.0
14/07/18 16:44:15,dm-2,0.0,0.0,562.0,0.0,4496.0,0.0,16.0,0.25,0.44,0.44,0.0,0.39,21.9
14/07/18 16:44:16,dm-2,0.0,0.0,387.13,0.0,3089.11,0.0,15.96,0.17,0.44,0.44,0.0,0.41,15.74
14/07/18 16:44:17,dm-2,0.0,0.0,1291.0,0.0,10320.0,0.0,15.99,0.53,0.41,0.41,0.0,0.34,43.7
14/07/18 16:44:18,dm-2,0.0,0.0,2125.0,0.0,16992.0,0.0,15.99,0.77,0.36,0.36,0.0,0.27,56.4
14/07/18 16:44:19,dm-2,0.0,0.0,1673.0,0.0,13384.0,0.0,16.0,0.61,0.36,0.36,0.0,0.29,49.2
14/07/18 16:44:20,dm-2,0.0,0.0,432.0,0.0,3456.0,0.0,16.0,0.18,0.41,0.41,0.0,0.39,16.8
14/07/18 16:44:21,dm-2,0.0,0.0,1696.0,0.0,13568.0,0.0,16.0,0.61,0.36,0.36,0.0,0.29,49.4
14/07/18 16:44:22,dm-2,0.0,0.0,1361.0,0.0,10888.0,0.0,16.0,0.52,0.38,0.38,0.0,0.32,42.9
14/07/18 16:44:23,dm-2,0.0,0.0,1313.0,0.0,10504.0,0.0,16.0,0.48,0.37,0.37,0.0,0.32,41.6
14/07/18 16:44:24,dm-2,0.0,0.0,765.0,0.0,6108.0,0.0,15.97,0.32,0.41,0.41,0.0,0.37,28.4
14/07/18 16:44:25,dm-2,0.0,0.0,712.0,14.0,5696.0,224.0,16.31,0.33,0.45,0.44,0.79,0.38,27.7
14/07/18 16:44:26,dm-2,0.0,0.0,847.0,0.0,6776.0,0.0,16.0,0.34,0.39,0.39,0.0,0.35,29.8
14/07/18 16:44:27,dm-2,0.0,0.0,901.0,0.0,7208.0,0.0,16.0,0.36,0.4,0.4,0.0,0.35,31.4
14/07/18 16:44:28,dm-2,0.0,0.0,2134.0,0.0,17072.0,0.0,16.0,0.73,0.34,0.34,0.0,0.23,49.3
14/07/18 16:44:29,dm-2,0.0,0.0,1553.0,0.0,12424.0,0.0,16.0,0.55,0.35,0.35,0.0,0.31,47.9
14/07/18 16:44:30,dm-2,0.0,0.0,1451.0,0.0,11600.0,0.0,15.99,0.54,0.37,0.37,0.0,0.32,46.4
14/07/18 16:44:31,dm-2,0.0,0.0,957.0,0.0,7648.0,0.0,15.98,0.42,0.44,0.44,0.0,0.38,36.7
14/07/18 16:44:32,dm-2,0.0,0.0,642.0,0.0,5136.0,0.0,16.0,0.28,0.43,0.43,0.0,0.39,24.9
14/07/18 16:44:33,dm-2,0.0,0.0,1335.0,0.0,10680.0,0.0,16.0,0.49,0.37,0.37,0.0,0.3,39.4
14/07/18 16:44:34,dm-2,0.0,0.0,688.0,0.0,5472.0,0.0,15.91,0.28,0.41,0.41,0.0,0.37,25.2
14/07/18 16:44:35,dm-2,0.0,0.0,1466.0,0.0,11728.0,0.0,16.0,0.56,0.38,0.38,0.0,0.29,42.0
14/07/18 16:44:36,dm-2,0.0,0.0,752.0,0.0,6016.0,0.0,16.0,0.33,0.44,0.44,0.0,0.39,29.4
14/07/18 16:44:37,dm-2,0.0,0.0,1127.0,0.0,9016.0,0.0,16.0,0.45,0.4,0.4,0.0,0.33,37.7
14/07/18 16:44:38,dm-2,0.0,0.0,1805.0,0.0,14440.0,0.0,16.0,0.64,0.35,0.35,0.0,0.3,53.8
14/07/18 16:44:39,dm-2,0.0,0.0,1303.0,0.0,10416.0,0.0,15.99,0.52,0.4,0.4,0.0,0.32,41.6
14/07/18 16:44:40,dm-2,0.0,0.0,847.0,0.0,6768.0,0.0,15.98,0.33,0.39,0.39,0.0,0.32,26.7
14/07/18 16:44:41,dm-2,0.0,0.0,607.0,0.0,4856.0,0.0,16.0,0.25,0.41,0.41,0.0,0.37,22.7
14/07/18 16:44:42,dm-2,0.0,0.0,1158.0,0.0,9264.0,0.0,16.0,0.45,0.38,0.38,0.0,0.33,38.5
14/07/18 16:44:43,dm-2,0.0,0.0,1167.0,0.0,9336.0,0.0,16.0,0.45,0.39,0.39,0.0,0.33,38.1
14/07/18 16:44:44,dm-2,0.0,0.0,1130.0,0.0,9040.0,0.0,16.0,0.46,0.4,0.4,0.0,0.33,36.9
14/07/18 16:44:45,dm-2,0.0,0.0,1507.0,0.0,12056.0,0.0,16.0,0.58,0.39,0.39,0.0,0.31,46.2
14/07/18 16:44:46,dm-2,0.0,0.0,964.0,0.0,7712.0,0.0,16.0,0.35,0.37,0.37,0.0,0.3,29.0
14/07/18 16:44:47,dm-2,0.0,0.0,1075.0,2491.0,8600.0,30032.0,21.67,3.14,0.88,0.44,1.06,0.12,41.9
14/07/18 16:44:48,dm-2,0.0,0.0,1112.0,0.0,8896.0,0.0,16.0,0.45,0.4,0.4,0.0,0.34,37.3
14/07/18 16:44:49,dm-2,0.0,0.0,345.0,0.0,2760.0,0.0,16.0,0.14,0.42,0.42,0.0,0.4,13.7
14/07/18 16:44:50,dm-2,0.0,0.0,744.0,0.0,5952.0,0.0,16.0,0.3,0.41,0.41,0.0,0.35,25.9
14/07/18 16:44:51,dm-2,0.0,0.0,588.0,0.0,4704.0,0.0,16.0,0.26,0.44,0.44,0.0,0.38,22.6
14/07/18 16:44:52,dm-2,0.0,0.0,676.0,0.0,5400.0,0.0,15.98,0.28,0.41,0.41,0.0,0.37,25.0
14/07/18 16:44:53,dm-2,0.0,0.0,857.0,0.0,6856.0,0.0,16.0,0.35,0.41,0.41,0.0,0.35,30.1
14/07/18 16:44:54,dm-2,0.0,0.0,1136.0,0.0,9088.0,0.0,16.0,0.42,0.37,0.37,0.0,0.34,38.6
14/07/18 16:44:55,dm-2,0.0,0.0,1591.0,15.0,12696.0,256.0,16.13,0.59,0.37,0.37,0.53,0.29,46.6
14/07/18 16:44:56,dm-2,0.0,0.0,1809.0,0.0,14472.0,0.0,16.0,0.65,0.36,0.36,0.0,0.26,47.1
14/07/18 16:44:57,dm-2,0.0,0.0,1731.0,0.0,13840.0,0.0,15.99,0.59,0.34,0.34,0.0,0.27,46.7
14/07/18 16:44:58,dm-2,0.0,0.0,559.0,0.0,4472.0,0.0,16.0,0.21,0.37,0.37,0.0,0.33,18.4
14/07/18 16:44:59,dm-2,0.0,0.0,945.0,0.0,7552.0,0.0,15.98,0.39,0.41,0.41,0.0,0.35,33.5
14/07/18 16:45:00,dm-2,0.0,0.0,1704.0,0.0,13624.0,0.0,15.99,0.65,0.38,0.38,0.0,0.27,46.2
14/07/18 16:45:01,dm-2,0.0,0.0,536.0,0.0,4288.0,0.0,16.0,0.21,0.4,0.4,0.0,0.38,20.2
14/07/18 16:45:02,dm-2,0.0,0.0,541.0,0.0,4320.0,0.0,15.97,0.22,0.4,0.4,0.0,0.38,20.3
14/07/18 16:45:03,dm-2,0.0,0.0,592.0,0.0,4736.0,0.0,16.0,0.25,0.43,0.43,0.0,0.38,22.6
14/07/18 16:45:04,dm-2,0.0,0.0,1077.0,0.0,8608.0,0.0,15.99,0.4,0.37,0.37,0.0,0.3,32.3
14/07/18 16:45:05,dm-2,0.0,0.0,1233.0,0.0,9864.0,0.0,16.0,0.46,0.37,0.37,0.0,0.31,38.8
14/07/18 16:45:06,dm-2,0.0,0.0,1007.0,0.0,8056.0,0.0,16.0,0.4,0.4,0.4,0.0,0.35,35.4
14/07/18 16:45:07,dm-2,0.0,0.0,519.0,0.0,4152.0,0.0,16.0,0.23,0.44,0.44,0.0,0.39,20.2
14/07/18 16:45:08,dm-2,0.0,0.0,1569.0,0.0,12536.0,0.0,15.98,0.64,0.41,0.41,0.0,0.33,51.4
14/07/18 16:45:09,dm-2,0.0,0.0,888.0,0.0,7096.0,0.0,15.98,0.41,0.46,0.46,0.0,0.39,34.9
14/07/18 16:45:10,dm-2,0.0,0.0,940.0,0.0,7520.0,0.0,16.0,0.4,0.42,0.42,0.0,0.34,31.8
14/07/18 16:45:11,dm-2,0.0,0.0,499.0,0.0,3992.0,0.0,16.0,0.23,0.45,0.45,0.0,0.4,19.9
14/07/18 16:45:12,dm-2,0.0,0.0,597.0,0.0,4776.0,0.0,16.0,0.26,0.43,0.43,0.0,0.38,22.8
14/07/18 16:45:13,dm-2,0.0,0.0,738.0,0.0,5896.0,0.0,15.98,0.3,0.41,0.41,0.0,0.37,27.6
14/07/18 16:45:14,dm-2,0.0,0.0,637.0,0.0,5096.0,0.0,16.0,0.26,0.41,0.41,0.0,0.37,23.5
14/07/18 16:45:15,dm-2,0.0,0.0,1062.0,0.0,8496.0,0.0,16.0,0.45,0.42,0.42,0.0,0.35,37.2
14/07/18 16:45:16,dm-2,0.0,0.0,640.0,0.0,5112.0,0.0,15.97,0.28,0.43,0.43,0.0,0.38,24.5
14/07/18 16:45:17,dm-2,0.0,0.0,1555.0,0.0,12432.0,0.0,15.99,0.59,0.38,0.38,0.0,0.31,47.7
14/07/18 16:45:18,dm-2,0.0,0.0,644.0,0.0,5152.0,0.0,16.0,0.26,0.41,0.41,0.0,0.36,23.2
14/07/18 16:45:19,dm-2,0.0,0.0,615.0,0.0,4912.0,0.0,15.97,0.23,0.38,0.38,0.0,0.36,21.9
14/07/18 16:45:20,dm-2,0.0,0.0,833.0,0.0,6664.0,0.0,16.0,0.34,0.4,0.4,0.0,0.36,29.6
14/07/18 16:45:21,dm-2,0.0,0.0,1244.0,0.0,9944.0,0.0,15.99,0.47,0.38,0.38,0.0,0.3,37.9
14/07/18 16:45:22,dm-2,0.0,0.0,710.0,0.0,5680.0,0.0,16.0,0.28,0.39,0.39,0.0,0.35,25.2
14/07/18 16:45:23,dm-2,0.0,0.0,840.0,0.0,6712.0,0.0,15.98,0.35,0.42,0.42,0.0,0.38,32.2
14/07/18 16:45:24,dm-2,0.0,0.0,679.0,0.0,5432.0,0.0,16.0,0.31,0.46,0.46,0.0,0.4,27.4
14/07/18 16:45:25,dm-2,0.0,0.0,671.0,2.0,5368.0,32.0,16.05,0.27,0.4,0.4,0.0,0.36,24.5
14/07/18 16:45:26,dm-2,0.0,0.0,900.0,0.0,7192.0,0.0,15.98,0.34,0.37,0.37,0.0,0.33,29.7
14/07/18 16:45:27,dm-2,0.0,0.0,956.0,0.0,7648.0,0.0,16.0,0.36,0.38,0.38,0.0,0.33,31.6
14/07/18 16:45:28,dm-2,0.0,0.0,706.0,0.0,5648.0,0.0,16.0,0.33,0.46,0.46,0.0,0.39,27.6
14/07/18 16:45:29,dm-2,0.0,0.0,749.0,0.0,5992.0,0.0,16.0,0.34,0.46,0.46,0.0,0.42,31.5
14/07/18 16:45:30,dm-2,0.0,0.0,989.0,0.0,7912.0,0.0,16.0,0.42,0.42,0.42,0.0,0.37,36.3
14/07/18 16:45:31,dm-2,0.0,0.0,1586.0,0.0,12688.0,0.0,16.0,0.71,0.45,0.45,0.0,0.35,55.2
14/07/18 16:45:32,dm-2,0.0,0.0,2251.0,0.0,18008.0,0.0,16.0,1.0,0.44,0.44,0.0,0.31,70.8
14/07/18 16:45:33,dm-2,0.0,0.0,1664.0,0.0,13296.0,0.0,15.98,0.73,0.44,0.44,0.0,0.32,53.5
14/07/18 16:45:34,dm-2,0.0,0.0,2083.0,0.0,16664.0,0.0,16.0,0.97,0.47,0.47,0.0,0.31,64.5
14/07/18 16:45:35,dm-2,0.0,0.0,454.0,0.0,3632.0,0.0,16.0,0.21,0.47,0.47,0.0,0.43,19.4
14/07/18 16:45:36,dm-2,0.0,0.0,489.0,0.0,3912.0,0.0,16.0,0.22,0.46,0.46,0.0,0.42,20.3
14/07/18 16:45:37,dm-2,0.0,0.0,1368.0,0.0,10936.0,0.0,15.99,0.5,0.36,0.36,0.0,0.32,43.3
14/07/18 16:45:38,dm-2,0.0,0.0,1150.0,0.0,9200.0,0.0,16.0,0.4,0.35,0.35,0.0,0.28,32.7
14/07/18 16:45:39,dm-2,0.0,0.0,775.0,0.0,6200.0,0.0,16.0,0.3,0.39,0.39,0.0,0.35,26.9
14/07/18 16:45:40,dm-2,0.0,0.0,990.0,0.0,7920.0,0.0,16.0,0.39,0.39,0.39,0.0,0.32,31.7
14/07/18 16:45:41,dm-2,0.0,0.0,1471.0,0.0,11768.0,0.0,16.0,0.52,0.36,0.36,0.0,0.28,41.0
14/07/18 16:45:42,dm-2,0.0,0.0,695.0,0.0,5552.0,0.0,15.98,0.28,0.4,0.4,0.0,0.35,24.5
14/07/18 16:45:43,dm-2,0.0,0.0,1108.0,0.0,8864.0,0.0,16.0,0.43,0.39,0.39,0.0,0.32,35.2
14/07/18 16:45:44,dm-2,0.0,0.0,1119.0,0.0,8952.0,0.0,16.0,0.43,0.39,0.39,0.0,0.34,38.6
14/07/18 16:45:45,dm-2,0.0,0.0,495.0,0.0,3952.0,0.0,15.97,0.22,0.45,0.45,0.0,0.39,19.5
14/07/18 16:45:46,dm-2,0.0,0.0,1248.0,0.0,9976.0,0.0,15.99,0.49,0.4,0.4,0.0,0.34,42.2
14/07/18 16:45:47,dm-2,0.0,0.0,762.0,0.0,6080.0,0.0,15.96,0.32,0.42,0.42,0.0,0.36,27.4
14/07/18 16:45:48,dm-2,0.0,0.0,599.0,0.0,4792.0,0.0,16.0,0.3,0.49,0.49,0.0,0.46,27.5
14/07/18 16:45:49,dm-2,0.0,0.0,1044.0,0.0,8352.0,0.0,16.0,0.47,0.45,0.45,0.0,0.38,39.2
14/07/18 16:45:50,dm-2,0.0,0.0,801.0,0.0,6408.0,0.0,16.0,0.38,0.48,0.48,0.0,0.42,33.6
14/07/18 16:45:51,dm-2,0.0,0.0,1407.0,0.0,11256.0,0.0,16.0,0.63,0.45,0.45,0.0,0.36,50.1
14/07/18 16:45:52,dm-2,0.0,0.0,1070.0,0.0,8560.0,0.0,16.0,0.48,0.45,0.45,0.0,0.36,38.7
14/07/18 16:45:53,dm-2,0.0,0.0,1302.0,0.0,10408.0,0.0,15.99,0.49,0.37,0.37,0.0,0.31,40.9
14/07/18 16:45:54,dm-2,0.0,0.0,578.0,0.0,4624.0,0.0,16.0,0.3,0.52,0.52,0.0,0.47,27.1
14/07/18 16:45:55,dm-2,0.0,0.0,1059.0,1.0,8472.0,32.0,16.05,0.51,0.48,0.48,0.0,0.37,39.3
14/07/18 16:45:56,dm-2,0.0,0.0,584.0,0.0,4664.0,0.0,15.97,0.28,0.48,0.48,0.0,0.41,24.0
14/07/18 16:45:57,dm-2,0.0,0.0,1733.0,0.0,13864.0,0.0,16.0,0.75,0.43,0.43,0.0,0.32,55.1
14/07/18 16:45:58,dm-2,0.0,0.0,608.0,0.0,4864.0,0.0,16.0,0.29,0.48,0.48,0.0,0.43,26.3
14/07/18 16:45:59,dm-2,0.0,0.0,1332.0,0.0,10656.0,0.0,16.0,0.5,0.37,0.37,0.0,0.3,39.7
14/07/18 16:46:00,dm-2,0.0,0.0,966.0,0.0,7728.0,0.0,16.0,0.36,0.38,0.38,0.0,0.31,30.4
14/07/18 16:46:01,dm-2,0.0,0.0,540.0,0.0,4320.0,0.0,16.0,0.23,0.42,0.42,0.0,0.37,19.9
14/07/18 16:46:02,dm-2,0.0,0.0,1310.0,0.0,10480.0,0.0,16.0,0.47,0.35,0.35,0.0,0.3,39.5
14/07/18 16:46:03,dm-2,0.0,0.0,818.0,0.0,6544.0,0.0,16.0,0.32,0.4,0.4,0.0,0.34,27.9
14/07/18 16:46:04,dm-2,0.0,0.0,1507.0,0.0,12040.0,0.0,15.98,0.57,0.38,0.38,0.0,0.31,46.2
14/07/18 16:46:05,dm-2,0.0,0.0,952.0,0.0,7616.0,0.0,16.0,0.4,0.42,0.42,0.0,0.36,33.9
14/07/18 16:46:06,dm-2,0.0,0.0,899.0,0.0,7192.0,0.0,16.0,0.41,0.46,0.46,0.0,0.4,35.7
14/07/18 16:46:07,dm-2,0.0,0.0,450.0,2459.0,3600.0,29920.0,23.05,2.8,0.96,0.44,1.05,0.09,25.4
14/07/18 16:46:08,dm-2,0.0,0.0,690.0,0.0,5520.0,0.0,16.0,0.29,0.42,0.42,0.0,0.38,25.9
14/07/18 16:46:09,dm-2,0.0,0.0,564.0,0.0,4512.0,0.0,16.0,0.27,0.48,0.48,0.0,0.43,24.0
14/07/18 16:46:10,dm-2,0.0,0.0,506.0,0.0,4032.0,0.0,15.94,0.22,0.43,0.43,0.0,0.39,19.6
14/07/18 16:46:11,dm-2,0.0,0.0,664.0,0.0,5304.0,0.0,15.98,0.31,0.47,0.47,0.0,0.41,27.2
14/07/18 16:46:12,dm-2,0.0,0.0,1177.0,0.0,9416.0,0.0,16.0,0.46,0.39,0.39,0.0,0.33,38.8
14/07/18 16:46:13,dm-2,0.0,0.0,1213.0,0.0,9696.0,0.0,15.99,0.46,0.38,0.38,0.0,0.34,41.2
14/07/18 16:46:14,dm-2,0.0,0.0,1201.0,0.0,9608.0,0.0,16.0,0.46,0.39,0.39,0.0,0.33,39.1
14/07/18 16:46:15,dm-2,0.0,0.0,545.0,0.0,4360.0,0.0,16.0,0.22,0.4,0.4,0.0,0.36,19.6
14/07/18 16:46:16,dm-2,0.0,0.0,795.0,0.0,6352.0,0.0,15.98,0.34,0.43,0.43,0.0,0.35,28.0
14/07/18 16:46:17,dm-2,0.0,0.0,1685.0,0.0,13472.0,0.0,15.99,0.61,0.36,0.36,0.0,0.3,50.7
14/07/18 16:46:18,dm-2,0.0,0.0,937.0,0.0,7496.0,0.0,16.0,0.36,0.38,0.38,0.0,0.36,33.5
14/07/18 16:46:19,dm-2,0.0,0.0,678.0,0.0,5416.0,0.0,15.98,0.27,0.4,0.4,0.0,0.35,23.6
14/07/18 16:46:20,dm-2,0.0,0.0,974.0,0.0,7792.0,0.0,16.0,0.35,0.36,0.36,0.0,0.31,30.0
14/07/18 16:46:21,dm-2,0.0,0.0,1496.0,0.0,11968.0,0.0,16.0,0.52,0.35,0.35,0.0,0.29,43.9
14/07/18 16:46:22,dm-2,0.0,0.0,996.0,0.0,7952.0,0.0,15.97,0.39,0.39,0.39,0.0,0.32,32.3
14/07/18 16:46:23,dm-2,0.0,0.0,995.0,0.0,7960.0,0.0,16.0,0.38,0.39,0.39,0.0,0.33,32.4
14/07/18 16:46:24,dm-2,0.0,0.0,560.0,0.0,4480.0,0.0,16.0,0.25,0.44,0.44,0.0,0.4,22.2
14/07/18 16:46:25,dm-2,0.0,0.0,983.0,15.0,7864.0,256.0,16.27,0.41,0.41,0.41,0.6,0.33,33.1
14/07/18 16:46:26,dm-2,0.0,0.0,654.0,0.0,5232.0,0.0,16.0,0.24,0.36,0.36,0.0,0.34,22.4
14/07/18 16:46:27,dm-2,0.0,0.0,550.0,0.0,4400.0,0.0,16.0,0.22,0.41,0.41,0.0,0.37,20.6
14/07/18 16:46:28,dm-2,0.0,0.0,703.0,0.0,5624.0,0.0,16.0,0.28,0.4,0.4,0.0,0.36,25.1
14/07/18 16:46:29,dm-2,0.0,0.0,874.0,0.0,6992.0,0.0,16.0,0.34,0.39,0.39,0.0,0.34,29.3
14/07/18 16:46:30,dm-2,0.0,0.0,897.0,0.0,7160.0,0.0,15.96,0.32,0.36,0.36,0.0,0.31,27.8
14/07/18 16:46:31,dm-2,0.0,0.0,1705.0,0.0,13640.0,0.0,16.0,0.57,0.33,0.33,0.0,0.26,44.2
14/07/18 16:46:32,dm-2,0.0,0.0,646.0,0.0,5168.0,0.0,16.0,0.26,0.39,0.39,0.0,0.36,23.1
14/07/18 16:46:33,dm-2,0.0,0.0,777.0,0.0,6216.0,0.0,16.0,0.32,0.42,0.42,0.0,0.37,28.8
14/07/18 16:46:34,dm-2,0.0,0.0,522.0,0.0,4176.0,0.0,16.0,0.25,0.47,0.47,0.0,0.42,22.1
14/07/18 16:46:35,dm-2,0.0,0.0,521.0,0.0,4168.0,0.0,16.0,0.26,0.5,0.5,0.0,0.45,23.4
14/07/18 16:46:36,dm-2,0.0,0.0,525.0,0.0,4200.0,0.0,16.0,0.26,0.49,0.49,0.0,0.46,23.9
14/07/18 16:46:37,dm-2,0.0,0.0,544.0,0.0,4352.0,0.0,16.0,0.27,0.5,0.5,0.0,0.45,24.4
14/07/18 16:46:38,dm-2,0.0,0.0,1203.0,0.0,9616.0,0.0,15.99,0.54,0.45,0.45,0.0,0.36,43.5
14/07/18 16:46:39,dm-2,0.0,0.0,1016.0,0.0,8120.0,0.0,15.98,0.42,0.42,0.42,0.0,0.36,36.6
14/07/18 16:46:40,dm-2,0.0,0.0,555.0,0.0,4440.0,0.0,16.0,0.23,0.42,0.42,0.0,0.39,21.7
14/07/18 16:46:41,dm-2,0.0,0.0,1221.0,0.0,9768.0,0.0,16.0,0.44,0.36,0.36,0.0,0.3,36.9
14/07/18 16:46:42,dm-2,0.0,0.0,1469.0,0.0,11752.0,0.0,16.0,0.58,0.4,0.4,0.0,0.32,47.0
14/07/18 16:46:43,dm-2,0.0,0.0,675.0,0.0,5400.0,0.0,16.0,0.27,0.4,0.4,0.0,0.35,23.7
14/07/18 16:46:44,dm-2,0.0,0.0,775.0,0.0,6200.0,0.0,16.0,0.29,0.38,0.38,0.0,0.34,26.6
14/07/18 16:46:45,dm-2,0.0,0.0,460.0,0.0,3672.0,0.0,15.97,0.21,0.45,0.45,0.0,0.42,19.3
14/07/18 16:46:46,dm-2,0.0,0.0,1454.0,0.0,11632.0,0.0,16.0,0.54,0.37,0.37,0.0,0.29,42.3
14/07/18 16:46:47,dm-2,0.0,0.0,750.0,0.0,6000.0,0.0,16.0,0.3,0.39,0.39,0.0,0.35,26.2
14/07/18 16:46:48,dm-2,0.0,0.0,887.0,0.0,7096.0,0.0,16.0,0.35,0.4,0.4,0.0,0.35,30.7
14/07/18 16:46:49,dm-2,0.0,0.0,900.0,0.0,7200.0,0.0,16.0,0.46,0.5,0.5,0.0,0.43,38.4
14/07/18 16:46:50,dm-2,0.0,0.0,1759.0,0.0,14072.0,0.0,16.0,0.79,0.45,0.45,0.0,0.33,58.3
14/07/18 16:46:51,dm-2,0.0,0.0,1274.0,0.0,10184.0,0.0,15.99,0.58,0.46,0.46,0.0,0.36,45.6
14/07/18 16:46:52,dm-2,0.0,0.0,934.0,0.0,7472.0,0.0,16.0,0.41,0.44,0.44,0.0,0.37,35.0
14/07/18 16:46:53,dm-2,0.0,0.0,1109.0,0.0,8872.0,0.0,16.0,0.53,0.48,0.48,0.0,0.37,41.1
14/07/18 16:46:54,dm-2,0.0,0.0,841.0,0.0,6728.0,0.0,16.0,0.42,0.5,0.5,0.0,0.41,34.4
14/07/18 16:46:55,dm-2,0.0,0.0,852.0,3.0,6816.0,64.0,16.09,0.37,0.43,0.43,0.0,0.36,30.8
14/07/18 16:46:56,dm-2,0.0,0.0,1068.0,0.0,8544.0,0.0,16.0,0.39,0.37,0.37,0.0,0.31,33.2
14/07/18 16:46:57,dm-2,0.0,0.0,755.0,0.0,6040.0,0.0,16.0,0.31,0.41,0.41,0.0,0.37,27.8
14/07/18 16:46:58,dm-2,0.0,0.0,405.0,0.0,3240.0,0.0,16.0,0.17,0.42,0.42,0.0,0.39,15.9
14/07/18 16:46:59,dm-2,0.0,0.0,743.0,0.0,5944.0,0.0,16.0,0.31,0.42,0.42,0.0,0.37,27.7
14/07/18 16:47:00,dm-2,0.0,0.0,623.0,0.0,4984.0,0.0,16.0,0.24,0.38,0.38,0.0,0.37,23.1
14/07/18 16:47:01,dm-2,0.0,0.0,995.0,0.0,7960.0,0.0,16.0,0.39,0.39,0.39,0.0,0.33,33.2
14/07/18 16:47:02,dm-2,0.0,0.0,545.0,0.0,4360.0,0.0,16.0,0.22,0.41,0.41,0.0,0.38,20.5
14/07/18 16:47:03,dm-2,0.0,0.0,671.0,0.0,5360.0,0.0,15.98,0.28,0.42,0.42,0.0,0.37,24.9
14/07/18 16:47:04,dm-2,0.0,0.0,417.0,0.0,3336.0,0.0,16.0,0.16,0.38,0.38,0.0,0.36,15.1
14/07/18 16:47:05,dm-2,0.0,0.0,584.0,0.0,4672.0,0.0,16.0,0.25,0.42,0.42,0.0,0.37,21.7
14/07/18 16:47:06,dm-2,0.0,0.0,932.0,0.0,7456.0,0.0,16.0,0.36,0.38,0.38,0.0,0.33,31.1
14/07/18 16:47:07,dm-2,0.0,0.0,627.0,0.0,5016.0,0.0,16.0,0.28,0.44,0.44,0.0,0.38,23.9
14/07/18 16:47:08,dm-2,0.0,0.0,772.0,0.0,6168.0,0.0,15.98,0.32,0.41,0.41,0.0,0.36,27.7
14/07/18 16:47:09,dm-2,0.0,0.0,1050.0,0.0,8368.0,0.0,15.94,0.42,0.4,0.4,0.0,0.35,37.1
14/07/18 16:47:10,dm-2,0.0,0.0,1322.0,0.0,10576.0,0.0,16.0,0.51,0.38,0.38,0.0,0.33,43.3
14/07/18 16:47:11,dm-2,0.0,0.0,992.0,0.0,7936.0,0.0,16.0,0.39,0.39,0.39,0.0,0.33,32.7
14/07/18 16:47:12,dm-2,0.0,0.0,506.0,0.0,4048.0,0.0,16.0,0.22,0.43,0.43,0.0,0.39,19.7
14/07/18 16:47:13,dm-2,0.0,0.0,952.0,0.0,7608.0,0.0,15.98,0.37,0.39,0.39,0.0,0.35,32.9
14/07/18 16:47:14,dm-2,0.0,0.0,825.0,0.0,6600.0,0.0,16.0,0.33,0.4,0.4,0.0,0.35,28.8
14/07/18 16:47:15,dm-2,0.0,0.0,730.0,0.0,5840.0,0.0,16.0,0.3,0.41,0.41,0.0,0.35,25.9
14/07/18 16:47:16,dm-2,0.0,0.0,1287.0,0.0,10296.0,0.0,16.0,0.54,0.42,0.42,0.0,0.34,44.1
14/07/18 16:47:17,dm-2,0.0,0.0,555.0,0.0,4440.0,0.0,16.0,0.26,0.47,0.47,0.0,0.41,22.7
14/07/18 16:47:18,dm-2,0.0,0.0,1111.0,0.0,8888.0,0.0,16.0,0.48,0.43,0.43,0.0,0.38,42.6
14/07/18 16:47:19,dm-2,0.0,0.0,1819.0,0.0,14544.0,0.0,15.99,0.79,0.44,0.44,0.0,0.32,57.5
14/07/18 16:47:20,dm-2,0.0,0.0,1437.0,0.0,11488.0,0.0,15.99,0.57,0.39,0.39,0.0,0.31,44.7
14/07/18 16:47:21,dm-2,0.0,0.0,1058.0,0.0,8464.0,0.0,16.0,0.42,0.39,0.39,0.0,0.34,35.9
14/07/18 16:47:22,dm-2,0.0,0.0,826.0,0.0,6608.0,0.0,16.0,0.35,0.42,0.42,0.0,0.35,29.0
14/07/18 16:47:23,dm-2,0.0,0.0,1450.0,0.0,11600.0,0.0,16.0,0.52,0.36,0.36,0.0,0.32,45.9
14/07/18 16:47:24,dm-2,0.0,0.0,969.0,0.0,7752.0,0.0,16.0,0.44,0.45,0.45,0.0,0.37,35.6
14/07/18 16:47:25,dm-2,0.0,0.0,644.0,13.0,5152.0,208.0,16.32,0.31,0.47,0.46,0.92,0.41,26.7
14/07/18 16:47:26,dm-2,0.0,0.0,1157.0,0.0,9240.0,0.0,15.97,0.52,0.45,0.45,0.0,0.37,43.1
14/07/18 16:47:27,dm-2,0.0,0.0,549.0,2418.0,4392.0,29608.0,22.92,2.76,0.93,0.47,1.03,0.1,30.4
14/07/18 16:47:28,dm-2,0.0,0.0,820.0,0.0,6560.0,0.0,16.0,0.32,0.4,0.4,0.0,0.34,27.7
14/07/18 16:47:29,dm-2,0.0,0.0,742.0,0.0,5936.0,0.0,16.0,0.31,0.42,0.42,0.0,0.37,27.6
14/07/18 16:47:30,dm-2,0.0,0.0,489.0,0.0,3904.0,0.0,15.97,0.2,0.41,0.41,0.0,0.38,18.7
14/07/18 16:47:31,dm-2,0.0,0.0,709.0,0.0,5672.0,0.0,16.0,0.32,0.45,0.45,0.0,0.38,26.8
14/07/18 16:47:32,dm-2,0.0,0.0,527.0,0.0,4208.0,0.0,15.97,0.25,0.47,0.47,0.0,0.43,22.8
14/07/18 16:47:33,dm-2,0.0,0.0,769.0,0.0,6152.0,0.0,16.0,0.37,0.48,0.48,0.0,0.41,31.2
14/07/18 16:47:34,dm-2,0.0,0.0,514.0,0.0,4112.0,0.0,16.0,0.25,0.48,0.48,0.0,0.43,21.9
14/07/18 16:47:35,dm-2,0.0,0.0,403.0,0.0,3224.0,0.0,16.0,0.21,0.52,0.52,0.0,0.48,19.5
14/07/18 16:47:36,dm-2,0.0,0.0,704.0,0.0,5632.0,0.0,16.0,0.34,0.48,0.48,0.0,0.41,29.0
14/07/18 16:47:37,dm-2,0.0,0.0,1188.0,0.0,9504.0,0.0,16.0,0.49,0.41,0.41,0.0,0.34,40.3
14/07/18 16:47:38,dm-2,0.0,0.0,711.0,0.0,5680.0,0.0,15.98,0.31,0.43,0.43,0.0,0.39,27.9
14/07/18 16:47:39,dm-2,0.0,0.0,860.0,0.0,6880.0,0.0,16.0,0.34,0.39,0.39,0.0,0.34,29.2
14/07/18 16:47:40,dm-2,0.0,0.0,1202.0,0.0,9616.0,0.0,16.0,0.46,0.38,0.38,0.0,0.32,38.1
14/07/18 16:47:41,dm-2,0.0,0.0,1827.0,0.0,14608.0,0.0,15.99,0.82,0.45,0.45,0.0,0.31,56.8
14/07/18 16:47:42,dm-2,0.0,0.0,854.0,0.0,6824.0,0.0,15.98,0.42,0.49,0.49,0.0,0.39,33.3
14/07/18 16:47:43,dm-2,0.0,0.0,694.0,0.0,5552.0,0.0,16.0,0.35,0.51,0.51,0.0,0.45,31.1
14/07/18 16:47:44,dm-2,0.0,0.0,690.1,0.0,5520.79,0.0,16.0,0.31,0.44,0.44,0.0,0.39,26.73
14/07/18 16:47:45,dm-2,0.0,0.0,676.0,0.0,5408.0,0.0,16.0,0.26,0.39,0.39,0.0,0.35,23.9
14/07/18 16:47:46,dm-2,0.0,0.0,861.0,0.0,6888.0,0.0,16.0,0.34,0.39,0.39,0.0,0.32,27.4
14/07/18 16:47:47,dm-2,0.0,0.0,679.0,0.0,5432.0,0.0,16.0,0.3,0.44,0.44,0.0,0.38,25.7
14/07/18 16:47:48,dm-2,0.0,0.0,1413.0,0.0,11296.0,0.0,15.99,0.53,0.37,0.37,0.0,0.32,44.9
14/07/18 16:47:49,dm-2,0.0,0.0,1750.0,0.0,13992.0,0.0,15.99,0.61,0.35,0.35,0.0,0.29,51.0
14/07/18 16:47:50,dm-2,0.0,0.0,1461.0,0.0,11688.0,0.0,16.0,0.52,0.35,0.35,0.0,0.28,41.4
14/07/18 16:47:51,dm-2,0.0,0.0,309.0,0.0,2472.0,0.0,16.0,0.13,0.43,0.43,0.0,0.4,12.4
14/07/18 16:47:52,dm-2,0.0,0.0,531.0,0.0,4248.0,0.0,16.0,0.23,0.44,0.44,0.0,0.4,21.5
14/07/18 16:47:53,dm-2,0.0,0.0,661.0,0.0,5288.0,0.0,16.0,0.28,0.43,0.43,0.0,0.38,25.0
14/07/18 16:47:54,dm-2,0.0,0.0,612.0,0.0,4896.0,0.0,16.0,0.24,0.4,0.4,0.0,0.36,22.0
14/07/18 16:47:55,dm-2,0.0,0.0,823.0,111.0,6584.0,49616.0,120.34,0.89,0.93,0.42,4.67,0.41,37.9
14/07/18 16:47:56,dm-2,0.0,0.0,499.0,1632.0,3984.0,725952.0,685.06,4.78,2.26,0.5,2.79,0.44,92.9
14/07/18 16:47:57,dm-2,0.0,0.0,558.0,561.0,4464.0,256992.0,467.3,3.84,3.43,0.42,6.42,0.74,83.3
14/07/18 16:47:58,dm-2,0.0,0.0,1566.0,0.0,12528.0,0.0,16.0,0.58,0.37,0.37,0.0,0.28,43.3
14/07/18 16:47:59,dm-2,0.0,0.0,745.0,0.0,5960.0,0.0,16.0,0.31,0.41,0.41,0.0,0.37,27.3
14/07/18 16:48:00,dm-2,0.0,0.0,640.0,0.0,5112.0,0.0,15.97,0.27,0.42,0.42,0.0,0.38,24.1
14/07/18 16:48:01,dm-2,0.0,0.0,624.0,0.0,4976.0,0.0,15.95,0.25,0.41,0.41,0.0,0.37,23.1
14/07/18 16:48:02,dm-2,0.0,0.0,768.0,0.0,6144.0,0.0,16.0,0.3,0.39,0.39,0.0,0.35,26.7
14/07/18 16:48:03,dm-2,0.0,0.0,2030.0,0.0,16224.0,0.0,15.98,0.71,0.35,0.35,0.0,0.26,52.5
14/07/18 16:48:04,dm-2,0.0,0.0,784.0,0.0,6256.0,0.0,15.96,0.3,0.39,0.39,0.0,0.34,27.0
14/07/18 16:48:05,dm-2,0.0,0.0,866.0,0.0,6928.0,0.0,16.0,0.37,0.42,0.42,0.0,0.37,31.9
14/07/18 16:48:06,dm-2,0.0,0.0,1223.0,0.0,9784.0,0.0,16.0,0.48,0.39,0.39,0.0,0.31,38.2
14/07/18 16:48:07,dm-2,0.0,0.0,1024.0,0.0,8192.0,0.0,16.0,0.41,0.4,0.4,0.0,0.33,33.8
14/07/18 16:48:08,dm-2,0.0,0.0,543.0,0.0,4344.0,0.0,16.0,0.22,0.41,0.41,0.0,0.37,20.3
14/07/18 16:48:09,dm-2,0.0,0.0,912.0,0.0,7296.0,0.0,16.0,0.38,0.42,0.42,0.0,0.4,36.3
14/07/18 16:48:10,dm-2,0.0,0.0,1269.0,0.0,10152.0,0.0,16.0,0.46,0.36,0.36,0.0,0.32,40.2
14/07/18 16:48:11,dm-2,0.0,0.0,932.0,0.0,7456.0,0.0,16.0,0.35,0.38,0.38,0.0,0.33,31.0
14/07/18 16:48:12,dm-2,0.0,0.0,1443.0,0.0,11544.0,0.0,16.0,0.54,0.37,0.37,0.0,0.3,43.7
14/07/18 16:48:13,dm-2,0.0,0.0,984.0,0.0,7872.0,0.0,16.0,0.37,0.38,0.38,0.0,0.34,33.0
14/07/18 16:48:14,dm-2,0.0,0.0,693.0,0.0,5536.0,0.0,15.98,0.3,0.44,0.44,0.0,0.39,27.2
14/07/18 16:48:15,dm-2,0.0,0.0,586.0,0.0,4688.0,0.0,16.0,0.25,0.43,0.43,0.0,0.37,21.7
14/07/18 16:48:16,dm-2,0.0,0.0,597.0,0.0,4776.0,0.0,16.0,0.26,0.44,0.44,0.0,0.4,23.6
14/07/18 16:48:17,dm-2,0.0,0.0,538.0,0.0,4304.0,0.0,16.0,0.23,0.43,0.43,0.0,0.4,21.7
14/07/18 16:48:18,dm-2,0.0,0.0,863.0,0.0,6888.0,0.0,15.96,0.34,0.39,0.39,0.0,0.35,30.4
14/07/18 16:48:19,dm-2,0.0,0.0,1470.0,0.0,11752.0,0.0,15.99,0.54,0.37,0.37,0.0,0.31,45.4
14/07/18 16:48:20,dm-2,0.0,0.0,928.0,0.0,7416.0,0.0,15.98,0.37,0.4,0.4,0.0,0.33,30.9
14/07/18 16:48:21,dm-2,0.0,0.0,1132.0,0.0,9048.0,0.0,15.99,0.42,0.37,0.37,0.0,0.31,35.6
14/07/18 16:48:22,dm-2,0.0,0.0,828.0,0.0,6608.0,0.0,15.96,0.34,0.41,0.41,0.0,0.35,29.2
14/07/18 16:48:23,dm-2,0.0,0.0,511.0,0.0,4088.0,0.0,16.0,0.25,0.49,0.49,0.0,0.45,22.8
14/07/18 16:48:24,dm-2,0.0,0.0,739.0,0.0,5896.0,0.0,15.96,0.31,0.42,0.42,0.0,0.36,26.6
14/07/18 16:48:25,dm-2,0.0,0.0,560.0,21.0,4472.0,273.0,16.33,0.25,0.43,0.41,1.0,0.34,19.6
14/07/18 16:48:26,dm-2,0.0,0.0,417.0,0.0,3336.0,0.0,16.0,0.18,0.44,0.44,0.0,0.42,17.7
14/07/18 16:48:27,dm-2,0.0,0.0,1040.0,0.0,8312.0,0.0,15.98,0.42,0.41,0.41,0.0,0.33,34.3
14/07/18 16:48:28,dm-2,0.0,0.0,932.0,0.0,7440.0,0.0,15.97,0.43,0.47,0.47,0.0,0.39,36.5
14/07/18 16:48:29,dm-2,0.0,0.0,501.0,0.0,4000.0,0.0,15.97,0.26,0.52,0.52,0.0,0.46,23.1
14/07/18 16:48:30,dm-2,0.0,0.0,824.0,0.0,6592.0,0.0,16.0,0.36,0.44,0.44,0.0,0.39,32.0
14/07/18 16:48:31,dm-2,0.0,0.0,679.0,0.0,5432.0,0.0,16.0,0.33,0.49,0.49,0.0,0.43,29.2
14/07/18 16:48:32,dm-2,0.0,0.0,1213.0,0.0,9704.0,0.0,16.0,0.54,0.44,0.44,0.0,0.34,41.2
14/07/18 16:48:33,dm-2,0.0,0.0,1035.0,0.0,8280.0,0.0,16.0,0.36,0.35,0.35,0.0,0.3,31.3
14/07/18 16:48:34,dm-2,0.0,0.0,633.0,0.0,5064.0,0.0,16.0,0.25,0.4,0.4,0.0,0.37,23.2
14/07/18 16:48:35,dm-2,0.0,0.0,1029.0,0.0,8232.0,0.0,16.0,0.52,0.5,0.5,0.0,0.4,41.5
14/07/18 16:48:36,dm-2,0.0,0.0,1153.0,0.0,9216.0,0.0,15.99,0.66,0.57,0.57,0.0,0.44,50.3
14/07/18 16:48:37,dm-2,0.0,0.0,1186.0,0.0,9488.0,0.0,16.0,0.55,0.47,0.47,0.0,0.37,44.3
14/07/18 16:48:38,dm-2,0.0,0.0,1049.0,0.0,8392.0,0.0,16.0,0.37,0.36,0.36,0.0,0.31,33.0
14/07/18 16:48:39,dm-2,0.0,0.0,843.0,0.0,6744.0,0.0,16.0,0.37,0.44,0.44,0.0,0.37,31.6
14/07/18 16:48:40,dm-2,0.0,0.0,1339.0,0.0,10704.0,0.0,15.99,0.49,0.36,0.36,0.0,0.3,39.9
14/07/18 16:48:41,dm-2,0.0,0.0,2311.0,0.0,18488.0,0.0,16.0,0.85,0.36,0.36,0.0,0.27,62.3
14/07/18 16:48:42,dm-2,0.0,0.0,1203.0,0.0,9624.0,0.0,16.0,0.45,0.37,0.37,0.0,0.32,38.5
14/07/18 16:48:43,dm-2,0.0,0.0,464.0,0.0,3712.0,0.0,16.0,0.22,0.47,0.47,0.0,0.43,19.9
14/07/18 16:48:44,dm-2,0.0,0.0,1025.0,0.0,8200.0,0.0,16.0,0.41,0.4,0.4,0.0,0.36,36.6
14/07/18 16:48:45,dm-2,0.0,0.0,954.0,0.0,7632.0,0.0,16.0,0.44,0.47,0.47,0.0,0.38,36.2
14/07/18 16:48:46,dm-2,0.0,0.0,505.0,0.0,4040.0,0.0,16.0,0.21,0.42,0.42,0.0,0.4,20.0
14/07/18 16:48:47,dm-2,0.0,0.0,680.0,2471.0,5440.0,30056.0,22.53,3.29,1.04,0.46,1.2,0.11,34.7
14/07/18 16:48:48,dm-2,0.0,0.0,949.0,0.0,7592.0,0.0,16.0,0.38,0.4,0.4,0.0,0.32,30.5
14/07/18 16:48:49,dm-2,0.0,0.0,741.0,0.0,5928.0,0.0,16.0,0.28,0.38,0.38,0.0,0.33,24.8
14/07/18 16:48:50,dm-2,0.0,0.0,362.0,0.0,2888.0,0.0,15.96,0.14,0.4,0.4,0.0,0.37,13.4
14/07/18 16:48:51,dm-2,0.0,0.0,1260.0,0.0,10080.0,0.0,16.0,0.47,0.38,0.38,0.0,0.31,39.3
14/07/18 16:48:52,dm-2,0.0,0.0,578.0,0.0,4624.0,0.0,16.0,0.24,0.41,0.41,0.0,0.36,20.9
14/07/18 16:48:53,dm-2,0.0,0.0,1005.0,0.0,8040.0,0.0,16.0,0.42,0.42,0.42,0.0,0.34,34.1
14/07/18 16:48:54,dm-2,0.0,0.0,1103.0,0.0,8816.0,0.0,15.99,0.44,0.4,0.4,0.0,0.33,36.3
14/07/18 16:48:55,dm-2,0.0,0.0,1018.0,18.0,8128.0,264.5,16.2,0.46,0.44,0.43,0.94,0.35,36.7
14/07/18 16:48:56,dm-2,0.0,0.0,955.0,0.0,7640.0,0.0,16.0,0.42,0.44,0.44,0.0,0.36,34.8
14/07/18 16:48:57,dm-2,0.0,0.0,712.0,0.0,5688.0,0.0,15.98,0.33,0.47,0.47,0.0,0.39,27.8
14/07/18 16:48:58,dm-2,0.0,0.0,486.0,0.0,3888.0,0.0,16.0,0.23,0.47,0.47,0.0,0.43,21.1
14/07/18 16:48:59,dm-2,0.0,0.0,401.0,0.0,3208.0,0.0,16.0,0.17,0.43,0.43,0.0,0.41,16.4
14/07/18 16:49:00,dm-2,0.0,0.0,533.0,0.0,4264.0,0.0,16.0,0.22,0.41,0.41,0.0,0.38,20.4
14/07/18 16:49:01,dm-2,0.0,0.0,1246.0,0.0,9968.0,0.0,16.0,0.5,0.4,0.4,0.0,0.34,42.3
14/07/18 16:49:02,dm-2,0.0,0.0,859.0,0.0,6872.0,0.0,16.0,0.36,0.42,0.42,0.0,0.36,30.8
14/07/18 16:49:03,dm-2,0.0,0.0,659.0,0.0,5272.0,0.0,16.0,0.29,0.44,0.44,0.0,0.4,26.1
14/07/18 16:49:04,dm-2,0.0,0.0,1036.0,0.0,8288.0,0.0,16.0,0.41,0.4,0.4,0.0,0.35,36.0
14/07/18 16:49:05,dm-2,0.0,0.0,1159.0,0.0,9272.0,0.0,16.0,0.42,0.36,0.36,0.0,0.3,34.9
14/07/18 16:49:06,dm-2,0.0,0.0,942.0,0.0,7536.0,0.0,16.0,0.37,0.39,0.39,0.0,0.34,32.2
14/07/18 16:49:07,dm-2,0.0,0.0,435.0,0.0,3480.0,0.0,16.0,0.18,0.41,0.41,0.0,0.37,16.2
14/07/18 16:49:08,dm-2,0.0,0.0,602.0,0.0,4816.0,0.0,16.0,0.31,0.51,0.51,0.0,0.4,24.1
14/07/18 16:49:09,dm-2,0.0,0.0,1321.0,0.0,10560.0,0.0,15.99,0.53,0.4,0.4,0.0,0.3,39.6
14/07/18 16:49:10,dm-2,0.0,0.0,1274.0,0.0,10192.0,0.0,16.0,0.52,0.41,0.41,0.0,0.33,41.9
14/07/18 16:49:11,dm-2,0.0,0.0,985.0,0.0,7872.0,0.0,15.98,0.39,0.39,0.39,0.0,0.34,33.7
14/07/18 16:49:12,dm-2,0.0,0.0,1325.0,0.0,10592.0,0.0,15.99,0.56,0.43,0.43,0.0,0.35,46.0
14/07/18 16:49:13,dm-2,0.0,0.0,726.0,0.0,5808.0,0.0,16.0,0.31,0.43,0.43,0.0,0.38,27.3
14/07/18 16:49:14,dm-2,0.0,0.0,1194.0,0.0,9552.0,0.0,16.0,0.46,0.38,0.38,0.0,0.31,37.4
14/07/18 16:49:15,dm-2,0.0,0.0,597.0,0.0,4776.0,0.0,16.0,0.24,0.41,0.41,0.0,0.37,22.0
